id,date,wattage
2,1704562403315,1.4
2,1704562405337,1.4
2,1704562407356,1.4
2,1704562409374,1.4
2,1704562411385,1.4
2,1704562413397,1.4
2,1704562415408,1.4
2,1704562417430,1.4
2,1704562419448,1.4
2,1704562421469,1.4
2,1704562423490,1.4
2,1704562425506,1.4
2,1704562427516,1.4
2,1704562429535,1.4
2,1704562431554,1.4
2,1704562433571,1.4
2,1704562435583,1.4
2,1704562437604,1.4
2,1704562439626,1.4
2,1704562441645,1.4
2,1704562443668,1.4
2,1704562445684,1.4
2,1704562447719,1.4
2,1704562449736,1.4
2,1704562451757,1.4
2,1704562453772,1.4
2,1704562455780,1.4
2,1704562457792,1.4
2,1704562459814,1.4
2,1704562461838,1.4
2,1704562463855,1.4
2,1704562465873,1.4
2,1704562467896,1.4
2,1704562469916,1.4
2,1704562471928,1.4
2,1704562473948,1.4
2,1704562475976,1.4
2,1704562478000,1.4
2,1704562480012,1.4
2,1704562482027,1.4
2,1704562484048,1.4
2,1704562486067,1.4
2,1704562488086,1.4
2,1704562490105,1.4
2,1704562492121,1.4
2,1704562494131,1.4
2,1704562496141,1.4
2,1704562498152,1.4
2,1704562633715,1.4
2,1704562635727,1.4
2,1704562637737,1.4
2,1704562639753,1.4
2,1704562641776,1.4
2,1704562643796,1.4
2,1704562645808,1.4
2,1704562647819,1.4
2,1704562649830,1.4
2,1704562651839,1.4
2,1704562653853,1.4
2,1704562655865,1.4
2,1704562657883,1.4
2,1704562659894,1.4
2,1704562661912,1.4
2,1704562663927,1.4
2,1704562665937,1.4
2,1704562667955,1.4
2,1704562669979,1.4
2,1704562672003,1.4
2,1704562674019,1.4
2,1704562676029,1.4
2,1704562678039,1.4
2,1704562680050,1.4
2,1704562682058,1.4
2,1704562684069,1.4
2,1704562686081,1.4
2,1704562688094,1.4
2,1704562690113,1.4
2,1704562692130,1.4
2,1704562694148,1.4
2,1704562696169,1.4
2,1704562698192,1.4
2,1704562700216,1.4
2,1704562702242,1.4
2,1704562704266,1.4
2,1704562706292,1.4
2,1704562708321,1.4
2,1704562710350,1.4
2,1704562712366,1.4
2,1704562714386,1.4
2,1704562716416,1.4
2,1704562718434,1.4
2,1704562720456,1.4
2,1704562722473,1.4
2,1704562724480,1.4
2,1704562726498,1.4
2,1704562728525,1.4
2,1704562730541,1.4
2,1704562732559,1.4
2,1704562734577,1.4
2,1704562736637,1.4
2,1704562738656,1.4
2,1704562740683,1.4
2,1704562742703,1.4
2,1704562744716,1.4
2,1704562746730,1.4
2,1704562748752,1.4
2,1704562750777,1.4
2,1704562752801,1.4
2,1704562754826,1.4
2,1704562756855,1.4
2,1704562758872,1.4
2,1704562760890,1.4
2,1704562762914,1.4
2,1704562764930,1.4
2,1704562766947,1.4
2,1704562768962,1.4
2,1704562770970,1.4
2,1704562772988,1.4
2,1704562775011,1.4
2,1704562777040,1.4
2,1704562779058,1.4
2,1704562781073,1.4
2,1704562783082,1.4
2,1704562785101,1.4
2,1704562787129,1.4
2,1704562789148,1.4
2,1704562791158,1.4
2,1704562793170,1.4
2,1704562795194,1.4
2,1704562797221,1.4
2,1704562799246,1.4
2,1704562801259,1.4
2,1704562803271,1.4
2,1704562805282,1.4
2,1704562807299,1.4
2,1704562809322,1.4
2,1704562811338,1.4
2,1704562813349,1.4
2,1704562815369,1.4
2,1704562817396,1.4
2,1704562819419,1.4
2,1704562821439,1.4
2,1704562823461,1.4
2,1704562825487,1.4
2,1704562827509,1.4
2,1704562829528,1.4
2,1704562831550,1.4
2,1704562833576,1.4
2,1704562835590,1.4
2,1704562837609,1.4
2,1704562839631,1.4
2,1704562841658,1.4
2,1704562843682,1.4
2,1704562845700,1.4
2,1704562847711,1.4
2,1704562935863,1.4
2,1704562937878,1.4
2,1704562939888,1.4
2,1704562941901,1.4
2,1704562943916,1.4
2,1704562945927,1.4
2,1704562947938,1.4
2,1704562949948,1.4
2,1704562951958,1.4
2,1704562953969,1.4
2,1704562955979,1.4
2,1704562957988,1.4
2,1704562959999,1.4
2,1704562962010,1.4
2,1704562964027,1.4
2,1704562966040,1.4
2,1704562968049,1.4
2,1704562970060,1.4
2,1704562972071,1.4
2,1704562974084,1.4
2,1704562976095,1.4
2,1704562978105,1.4
2,1704562980115,1.4
2,1704562982131,1.4
2,1704562984147,1.4
2,1704562986158,1.4
2,1704562988170,1.4
2,1704562990181,1.4
2,1704562992197,1.4
2,1704562994208,1.4
2,1704562996219,1.4
2,1704562998229,1.4
2,1704563000239,1.4
2,1704563002247,1.4
2,1704563004260,1.4
2,1704563006270,1.4
2,1704563008281,1.4
2,1704563010288,1.4
2,1704563012298,1.4
2,1704563014307,1.4
2,1704563016315,1.4
2,1704563018325,1.4
2,1704563355280,1.4
2,1704563357298,1.4
2,1704563359311,1.4
2,1704563361333,1.4
2,1704563363351,1.4
2,1704563365373,1.4
2,1704563367392,1.4
2,1704563369419,1.4
2,1704563371446,1.4
2,1704563373462,1.4
2,1704563375477,1.4
2,1704563377494,1.4
2,1704563379518,1.4
2,1704563381546,1.4
2,1704563383573,1.4
2,1704563385594,1.4
2,1704563387617,1.4
2,1704563389644,1.4
2,1704563391662,1.4
2,1704563393682,1.4
2,1704563395706,1.4
2,1704563397733,1.4
2,1704563399766,1.4
2,1704563401792,1.4
2,1704563403822,1.4
2,1704563405852,1.4
2,1704563407872,1.4
2,1704563409890,1.4
2,1704563411913,1.4
2,1704563413940,1.4
2,1704563415961,1.4
2,1704563417974,1.4
2,1704563419987,1.4
2,1704563422000,1.4
2,1704563424016,1.4
2,1704563426038,1.4
2,1704563428057,1.4
2,1704563430069,1.4
2,1704563432078,1.4
2,1704563434099,1.4
2,1704563436127,1.4
2,1704563438147,1.4
2,1704563440159,1.4
2,1704563442208,1.4
2,1704563444225,1.4
2,1704563446246,1.4
2,1704563448260,1.4
2,1704563450279,1.4
2,1704563452296,1.4
2,1704563454305,1.4
2,1704563456328,1.4
2,1704563458354,1.4
2,1704563460383,1.4
2,1704563462403,1.4
2,1704563464442,1.4
2,1704563466456,1.4
2,1704563468465,1.4
2,1704563470482,1.4
2,1704563472493,1.4
2,1704563474506,1.4
2,1704563476518,1.4
2,1704563478530,1.4
2,1704563480542,1.4
2,1704563482555,1.4
2,1704563484566,1.4
2,1704563486581,1.4
2,1704563488596,1.4
2,1704563490608,1.4
2,1704563492621,1.4
2,1704563494632,1.4
2,1704563496651,1.4
2,1704563498660,1.4
2,1704563500681,1.4
2,1704563502704,1.4
2,1704563504721,1.4
2,1704563506729,1.4
2,1704563508747,1.4
2,1704563518178,1.4
2,1704563520203,1.4
2,1704563522226,1.4
2,1704563524247,1.4
2,1704563526263,1.4
2,1704563528278,1.4
2,1704563530294,1.4
2,1704563532310,1.4
2,1704563534321,1.4
2,1704563536338,1.4
2,1704563538359,1.4
2,1704563540382,1.4
2,1704563542396,1.4
2,1704563553527,1.4
2,1704563555556,1.4
2,1704563557572,1.4
2,1704563559584,1.4
2,1704563561605,1.4
2,1704563563631,1.4
2,1704563565655,1.4
2,1704563567677,1.4
2,1704563569695,1.4
2,1704563571707,1.4
2,1704563573717,1.4
2,1704563575736,1.4
2,1704563577755,1.4
2,1704563579768,1.4
2,1704563581787,1.4
2,1704563583814,1.4
2,1704563585827,1.4
2,1704563587846,1.4
2,1704563589871,1.4
2,1704563591898,1.4
2,1704563593923,1.4
2,1704563595944,1.4
2,1704563597968,1.4
2,1704563599993,1.4
2,1704563602019,1.4
2,1704563604044,1.4
2,1704563606060,1.4
2,1704563608079,1.4
2,1704563610106,1.4
2,1704563612121,1.4
2,1704563614135,1.4
2,1704565170542,1.4
2,1704565172564,1.4
2,1704565174579,1.4
2,1704565176593,1.4
2,1704565178603,1.4
2,1704565180614,1.4
2,1704565182628,1.4
2,1704565184646,1.4
2,1704565186670,1.4
2,1704565188693,1.4
2,1704565190716,1.4
2,1704565192743,1.4
2,1704565194761,1.4
2,1704565196774,1.4
2,1704565198794,1.4
2,1704565200830,1.4
2,1704565202846,1.4
2,1704565204859,1.4
2,1704565206870,1.4
2,1704565268986,1.4
2,1704565271008,1.4
2,1704565273029,1.4
2,1704565275048,1.4
2,1704565277064,1.4
2,1704565279087,1.4
2,1704565281114,1.4
2,1704565283136,1.4
2,1704565285148,1.4
2,1704565287163,1.4
2,1704565289180,1.4
2,1704565291197,1.4
2,1704565293216,1.4
2,1704565295226,1.4
2,1704565297235,1.4
2,1704565299256,1.4
2,1704565301272,1.4
2,1704565303290,1.4
2,1704565305307,1.4
2,1704565307317,1.4
2,1704565309329,1.4
2,1704565311346,1.4
2,1704565313369,1.4
2,1704565315393,1.4
2,1704565317416,1.4
2,1704565319442,1.4
2,1704565321468,1.4
2,1704565323500,1.4
2,1704565325527,1.4
2,1704565327556,1.4
2,1704565329583,1.4
2,1704565331610,1.4
2,1704565333634,1.4
2,1704565335660,1.4
2,1704565337679,1.4
2,1704565339699,1.4
2,1704565341718,1.4
2,1704565343739,1.4
2,1704565345765,1.4
2,1704565347793,1.4
2,1704565349819,1.4
2,1704565351845,1.4
2,1704565353870,1.4
2,1704565355894,1.4
2,1704565357916,1.4
2,1704565359930,1.4
2,1704565361946,1.4
2,1704565363970,1.4
2,1704565365993,1.4
2,1704565368017,1.4
2,1704565370033,1.4
2,1704565372058,1.4
2,1704565374082,1.4
2,1704565376101,1.4
2,1704565378118,1.4
2,1704565380134,1.4
2,1704565382144,1.4
2,1704565384159,1.4
2,1704565386171,1.4
2,1704565388181,1.4
2,1704565390189,1.4
2,1704565392205,1.4
2,1704565394215,1.4
2,1704565396230,1.4
2,1704565398245,1.4
2,1704565400254,1.4
2,1704565402273,1.4
2,1704565404291,1.4
2,1704565406304,1.4
2,1704565408318,1.4
2,1704565410328,1.4
2,1704565412347,1.4
2,1704565414370,1.4
2,1704565416396,1.4
2,1704565418421,1.4
2,1704565420433,1.4
2,1704565422450,1.4
2,1704565424477,1.4
2,1704565426503,1.4
2,1704565428529,1.4
2,1704565430552,1.4
2,1704565432568,1.4
2,1704565434589,1.4
2,1704565436616,1.4
2,1704565438642,1.4
2,1704565440671,1.4
2,1704565442689,1.4
2,1704565444708,1.4
2,1704565446734,1.4
2,1704565448763,1.4
2,1704565450780,1.4
2,1704565452800,1.4
2,1704565454829,1.4
2,1704565456854,1.4
2,1704565458882,1.4
2,1704565460904,1.4
2,1704565462931,1.4
2,1704565464956,1.4
2,1704565466984,1.4
2,1704565469011,1.4
2,1704565471028,1.4
2,1704565473042,1.4
2,1704565475065,1.4
2,1704565477096,1.4
2,1704565479117,1.4
2,1704565481146,1.4
2,1704565483168,1.4
2,1704565485180,1.4
2,1704565487196,1.4
2,1704565489212,1.4
2,1704565491231,1.4
2,1704565493249,1.4
2,1704565495270,1.4
2,1704565497295,1.4
2,1704565499310,1.4
2,1704565501329,1.4
2,1704565503352,1.4
2,1704565505368,1.4
2,1704565507409,1.4
2,1704565509489,1.4
2,1704565511519,1.4
2,1704565513556,1.4
2,1704565515575,1.4
2,1704565517605,1.4
2,1704565519625,1.4
2,1704565521664,1.4
2,1704565523705,1.4
2,1704565525726,1.4
2,1704565527766,1.4
2,1704565529779,1.4
2,1704565531799,1.4
2,1704565533835,1.4
2,1704565535856,1.4
2,1704565537895,1.4
2,1704565539932,1.4
2,1704565541961,1.4
2,1704565544024,1.4
2,1704565546128,1.4
2,1704565548152,1.4
2,1704565550198,1.4
2,1704565552240,1.4
2,1704565554271,1.4
2,1704565556290,1.4
2,1704565558324,1.4
2,1704565560334,1.4
2,1704565562346,1.4
2,1704565564386,1.4
2,1704565566399,1.4
2,1704565568432,1.4
2,1704565570442,1.4
2,1704565572461,1.4
2,1704565574475,1.4
2,1704565576493,1.4
2,1704565578529,1.4
2,1704565580543,1.4
2,1704565582563,1.4
2,1704565584600,1.4
2,1704565586619,1.4
2,1704565588659,1.4
2,1704565590686,1.4
2,1704565592702,1.4
2,1704565594729,1.4
2,1704565596740,1.4
2,1704565598772,1.4
2,1704565600813,1.4
2,1704565602827,1.4
2,1704565604836,1.4
2,1704565606845,1.4
2,1704568741853,1.4
2,1704568743869,1.4
2,1704568745879,1.4
2,1704568747901,1.4
2,1704568749927,1.4
2,1704568751943,1.4
2,1704568753962,1.4
2,1704568755985,1.4
2,1704568757998,1.4
2,1704568760008,1.4
2,1704568762028,1.4
2,1704568764051,1.4
2,1704568766064,1.4
2,1704568768083,1.4
2,1704568770097,1.4
2,1704568772109,1.4
2,1704568774127,1.4
2,1704568776157,1.4
2,1704568778177,1.4
2,1704568780192,1.4
2,1704568782202,1.4
2,1704568784218,1.4
2,1704568786282,1.4
2,1704568788296,1.4
2,1704568790306,1.4
2,1704568792331,1.4
2,1704568794362,1.4
2,1704568796392,1.4
2,1704568798408,1.4
2,1704568800419,1.4
2,1704568802428,1.4
2,1704568804435,1.4
2,1704568806445,1.4
2,1704568808461,1.4
2,1704568810472,1.4
2,1704568812482,1.4
2,1704568814494,1.4
2,1704568816513,1.4
2,1704568818533,1.4
2,1704568820550,1.4
2,1704568822561,1.4
2,1704568824579,1.4
2,1704568826595,1.4
2,1704568828611,1.4
2,1704568830622,1.4
2,1704568832636,1.4
2,1704568834663,1.4
2,1704568836680,1.4
2,1704568838700,1.4
2,1704568840717,1.4
2,1704568842733,1.4
2,1704568844752,1.4
2,1704568846767,1.4
2,1704568848780,1.4
2,1704568850793,1.4
2,1704568852804,1.4
2,1704568854817,1.4
2,1704568856829,1.4
2,1704568858837,1.4
2,1704568860848,1.4
2,1704568862870,1.4
2,1704568864880,1.4
2,1704568866888,1.4
2,1704568868898,1.4
2,1704568870909,1.4
2,1704568872917,1.4
2,1704568874926,1.4
2,1704568876942,1.4
2,1704568878960,1.4
2,1704568880975,1.4
2,1704568882992,1.4
2,1704568885004,1.4
2,1704568887016,1.4
2,1704568889035,1.4
2,1704568891055,1.4
2,1704568893076,1.4
2,1704568895099,1.4
2,1704568897112,1.4
2,1704568899127,1.4
2,1704568901142,1.4
2,1704568903159,1.4
2,1704568905180,1.4
2,1704568907195,1.4
2,1704568909205,1.4
2,1704568911214,1.4
2,1704568913221,1.4
2,1704568915233,1.4
2,1704568917247,1.4
2,1704568919262,1.4
2,1704568921271,1.4
2,1704568923279,1.4
2,1704570232522,1.4
2,1704570234541,1.4
2,1704570236557,1.4
2,1704570238576,1.4
2,1704570240597,1.4
2,1704570242612,1.4
2,1704570244632,1.4
2,1704570246657,1.4
2,1704570248684,1.4
2,1704570250711,1.4
2,1704570252729,1.4
2,1704570254749,1.4
2,1704570256775,1.4
2,1704570258802,1.4
2,1704570260829,1.4
2,1704570262848,1.4
2,1704570264870,1.4
2,1704570266897,1.4
2,1704570268925,1.4
2,1704570270952,1.4
2,1704570272976,1.4
2,1704570275003,1.4
2,1704570277027,1.4
2,1704570279056,1.4
2,1704570281083,1.4
2,1704570283096,1.4
2,1704570285118,1.4
2,1704570287141,1.4
2,1704570289162,1.4
2,1704570291189,1.4
2,1704570293220,1.4
2,1704570295249,1.4
2,1704570297277,1.4
2,1704570299304,1.4
2,1704570301332,1.4
2,1704570303361,1.4
2,1704570305394,1.4
2,1704570307421,1.4
2,1704570309447,1.4
2,1704570311472,1.4
2,1704570313500,1.4
2,1704570315517,1.4
2,1704570317536,1.4
2,1704570319557,1.4
2,1704570321580,1.4
2,1704570323606,1.4
2,1704570325633,1.4
2,1704570327658,1.4
2,1704570329682,1.4
2,1704570331712,1.4
2,1704570333740,1.4
2,1704570335768,1.4
2,1704570337784,1.4
2,1704570339792,1.4
2,1704570341816,1.4
2,1704570343832,1.4
2,1704570345852,1.4
2,1704570347868,1.4
2,1704570349884,1.4
2,1704570351909,1.4
2,1704570353934,1.4
2,1704570355959,1.4
2,1704570357974,1.4
2,1704570359984,1.4
2,1704570361996,1.4
2,1704570364016,1.4
2,1704570366039,1.4
2,1704570368054,1.4
2,1704570370063,1.4
2,1704570372083,1.4
2,1704570374108,1.4
2,1704570376132,1.4
2,1704570378147,1.4
2,1704570380155,1.4
2,1704570382180,1.4
2,1704570384202,1.4
2,1704570386210,1.4
2,1704570388220,1.4
2,1704570390236,1.4
2,1704570392264,1.4
2,1704570394278,1.4
2,1704570396295,1.4
2,1704570398318,1.4
2,1704570400340,1.4
2,1704570402354,1.4
2,1704570404363,1.4
2,1704570406374,1.4
2,1704570408383,1.4
2,1704570410393,1.4
2,1704570412403,1.4
2,1704570414415,1.4
2,1704570416433,1.4
2,1704570418447,1.4
2,1704570420470,1.4
2,1704570422479,1.4
2,1704570424491,1.4
2,1704570426508,1.4
2,1704570428531,1.4
2,1704570430541,1.4
2,1704570432555,1.4
2,1704570434576,1.4
2,1704570436603,1.4
2,1704570438632,1.4
2,1704570440658,1.4
2,1704570442691,1.4
2,1704570444717,1.4
2,1704570446745,1.4
2,1704570448774,1.4
2,1704570450803,1.4
2,1704570452833,1.4
2,1704570454850,1.4
2,1704570456868,1.4
2,1704570458896,1.4
2,1704570460931,1.4
2,1704570462939,1.4
2,1704570464958,1.4
2,1704570466986,1.4
2,1704570469014,1.4
2,1704570471041,1.4
2,1704570473060,1.4
2,1704570475073,1.4
2,1704570477096,1.4
2,1704570479114,1.4
2,1704570481124,1.4
2,1704570483135,1.4
2,1704570485144,1.4
2,1704570487164,1.4
2,1704570489192,1.4
2,1704570491220,1.4
2,1704570493239,1.4
2,1704570495248,1.4
2,1704570497256,1.4
2,1704570499266,1.4
2,1704570501284,1.4
2,1704570503306,1.4
2,1704570505321,1.4
2,1704570507339,1.4
2,1704570509367,1.4
2,1704570511394,1.4
2,1704570513421,1.4
2,1704570515441,1.4
2,1704570517465,1.4
2,1704570519494,1.4
2,1704570521514,1.4
2,1704570523533,1.4
2,1704570525560,1.4
2,1704570527587,1.4
2,1704570529616,1.4
2,1704570531642,1.4
2,1704570533669,1.4
2,1704570535696,1.4
2,1704570537724,1.4
2,1704570539751,1.4
2,1704570541776,1.4
2,1704570543794,1.4
2,1704570545815,1.4
2,1704570547835,1.4
2,1704570549856,1.4
2,1704570551875,1.4
2,1704570553897,1.4
2,1704570555912,1.4
2,1704570557930,1.4
2,1704570559947,1.4
2,1704570561967,1.4
2,1704570563992,1.4
2,1704570566024,1.4
2,1704570568049,1.4
2,1704570570078,1.4
2,1704570572105,1.4
2,1704570574134,1.4
2,1704570576157,1.4
2,1704570578167,1.4
2,1704570580186,1.4
2,1704570582213,1.4
2,1704570584237,1.4
2,1704570586257,1.4
2,1704570588268,1.4
2,1704570590287,1.4
2,1704570592306,1.4
2,1704570594324,1.4
2,1704570596338,1.4
2,1704570598353,1.4
2,1704570600371,1.4
2,1704570602399,1.4
2,1704570604430,1.4
2,1704570606456,1.4
2,1704570608482,1.4
2,1704570610511,1.4
2,1704570612540,1.4
2,1704570614571,1.4
2,1704570616599,1.4
2,1704570618628,1.4
2,1704570620656,1.4
2,1704570622684,1.4
2,1704570624711,1.4
2,1704570626737,1.4
2,1704570628764,1.4
2,1704570630792,1.4
2,1704570632820,1.4
2,1704570634849,1.4
2,1704570636876,1.4
2,1704570638905,1.4
2,1704570640936,1.4
2,1704570642963,1.4
2,1704570644981,1.4
2,1704570646994,1.4
2,1704570649018,1.4
2,1704570651050,1.4
2,1704570653077,1.4
2,1704570655105,1.4
2,1704570657130,1.4
2,1704570659160,1.4
2,1704570661175,1.4
2,1704570663197,1.4
2,1704570665216,1.4
2,1704570667243,1.4
2,1704570669257,1.4
2,1704570671273,1.4
2,1704570673284,1.4
2,1704570675291,1.4
2,1704570677300,1.4
2,1704570679309,1.4
2,1704570681325,1.4
2,1704570683339,1.4
2,1704570685349,1.4
2,1704570687368,1.4
2,1704570689388,1.4
2,1704570691405,1.4
2,1704570693423,1.4
2,1704570695432,1.4
2,1704570697443,1.4
2,1704570699464,1.4
2,1704570701491,1.4
2,1704570703507,1.4
2,1704570705527,1.4
2,1704570707557,1.4
2,1704570709576,1.4
2,1704570711599,1.4
2,1704570713617,1.4
2,1704570715633,1.4
2,1704570717653,1.4
2,1704570719669,1.4
2,1704570721677,1.4
2,1704570723694,1.4
2,1704570725708,1.4
2,1704570727719,1.4
2,1704570729733,1.4
2,1704570731744,1.4
2,1704570733762,1.4
2,1704570735777,1.4
2,1704570737787,1.4
2,1704570739800,1.4
2,1704570741821,1.4
2,1704570743839,1.4
2,1704570745850,1.4
2,1704570747873,1.4
2,1704570749896,1.4
2,1704570751916,1.4
2,1704570753934,1.4
2,1704570755947,1.4
2,1704570757964,1.4
2,1704570759976,1.4
2,1704570761988,1.4
2,1704570763995,1.4
2,1704570766015,1.4
2,1704570768039,1.4
2,1704570770066,1.4
2,1704570772091,1.4
2,1704570774121,1.4
2,1704570776147,1.4
2,1704570778171,1.4
2,1704570780183,1.4
2,1704570782201,1.4
2,1704570784226,1.4
2,1704570786247,1.4
2,1704570788270,1.4
2,1704570790285,1.4
2,1704570792299,1.4
2,1704570794309,1.4
2,1704570796318,1.4
2,1704570798326,1.4
2,1704570800344,1.4
2,1704570802365,1.4
2,1704570804377,1.4
2,1704570806394,1.4
2,1704570808418,1.4
2,1704570810440,1.4
2,1704570812464,1.4
2,1704570814488,1.4
2,1704570816515,1.4
2,1704570818534,1.4
2,1704570820545,1.4
2,1704570822558,1.4
2,1704570824578,1.4
2,1704570826595,1.4
2,1704570828618,1.4
2,1704570830637,1.4
2,1704570832664,1.4
2,1704570834680,1.4
2,1704570836701,1.4
2,1704570838720,1.4
2,1704570840734,1.4
2,1704570842745,1.4
2,1704570844754,1.4
2,1704570846763,1.4
2,1704570848773,1.4
2,1704570850781,1.4
2,1704570852790,1.4
2,1704570854799,1.4
2,1704570856808,1.4
2,1704570858816,1.4
2,1704570860825,1.4
2,1704570862834,1.4
2,1704570864844,1.4
2,1704570866857,1.4
2,1704570868869,1.4
2,1704570870879,1.4
2,1704570872890,1.4
2,1704570874901,1.4
2,1704570876917,1.4
2,1704570878938,1.4
2,1704570880955,1.4
2,1704570882962,1.4
2,1704570884972,1.4
2,1704570886989,1.4
2,1704570889015,1.4
2,1704570891042,1.4
2,1704570893069,1.4
2,1704570895087,1.4
2,1704570897112,1.4
2,1704570899134,1.4
2,1704570901145,1.4
2,1704570903160,1.4
2,1704570905177,1.4
2,1704570907185,1.4
2,1704570909193,1.4
2,1704570911203,1.4
2,1704570913227,1.4
2,1704570915243,1.4
2,1704570917264,1.4
2,1704570919288,1.4
2,1704570921304,1.4
2,1704570923312,1.4
2,1704570925331,1.4
2,1704570927357,1.4
2,1704570929386,1.4
2,1704570931402,1.4
2,1704570933423,1.4
2,1704570935439,1.4
2,1704570937458,1.4
2,1704570939488,1.4
2,1704570941512,1.4
2,1704570943526,1.4
2,1704570945548,1.4
2,1704570947565,1.4
2,1704570949586,1.4
2,1704570951605,1.4
2,1704570953626,1.4
2,1704570955640,1.4
2,1704570957648,1.4
2,1704570959666,1.4
2,1704570961685,1.4
2,1704570963697,1.4
2,1704570965717,1.4
2,1704570967744,1.4
2,1704570969770,1.4
2,1704570971791,1.4
2,1704570973800,1.4
2,1704570975823,1.4
2,1704570977852,1.4
2,1704570979879,1.4
2,1704570981906,1.4
2,1704570983923,1.4
2,1704570985944,1.4
2,1704570987962,1.4
2,1704570989982,1.4
2,1704570992008,1.4
2,1704570994034,1.4
2,1704570996059,1.4
2,1704570998088,1.4
2,1704571000114,1.4
2,1704571002136,1.4
2,1704571004151,1.4
2,1704571006170,1.4
2,1704571008197,1.4
2,1704571010223,1.4
2,1704571012256,1.4
2,1704571014270,1.4
2,1704571016279,1.4
2,1704571018294,1.4
2,1704571020312,1.4
2,1704571022336,1.4
2,1704571024361,1.4
2,1704571026375,1.4
2,1704571028396,1.4
2,1704571030420,1.4
2,1704571032445,1.4
2,1704571034473,1.4
2,1704571036496,1.4
2,1704571038517,1.4
2,1704571040540,1.4
2,1704571042560,1.4
2,1704571044585,1.4
2,1704571046602,1.4
2,1704571048620,1.4
2,1704571050649,1.4
2,1704571052669,1.4
2,1704571054682,1.4
2,1704571056698,1.4
2,1704571058712,1.4
2,1704571060730,1.4
2,1704571062747,1.4
2,1704571064757,1.4
2,1704571066767,1.4
2,1704571068776,1.4
2,1704571070785,1.4
2,1704571072800,1.4
2,1704571074818,1.4
2,1704571076827,1.4
2,1704571078838,1.4
2,1704571080850,1.4
2,1704571082862,1.4
2,1704571084876,1.4
2,1704571086890,1.4
2,1704571088900,1.4
2,1704571090917,1.4
2,1704571092942,1.4
2,1704571094959,1.4
2,1704571096968,1.4
2,1704571098977,1.4
2,1704571100994,1.4
2,1704571103018,1.4
2,1704571105035,1.4
2,1704571107045,1.4
2,1704571109055,1.4
2,1704571111065,1.4
2,1704571113086,1.4
2,1704571115101,1.4
2,1704571117120,1.4
2,1704571119136,1.4
2,1704571121147,1.4
2,1704571123155,1.4
2,1704571125162,1.4
2,1704571127174,1.4
2,1704571129183,1.4
2,1704571131193,1.4
2,1704571133209,1.4
2,1704571135220,1.4
2,1704571137249,1.4
2,1704571139272,1.4
2,1704571141290,1.4
2,1704571143306,1.4
2,1704571145319,1.4
2,1704571147333,1.4
2,1704571149341,1.4
2,1704571151350,1.4
2,1704571153359,1.4
2,1704571155378,1.4
2,1704571157401,1.4
2,1704571159425,1.4
2,1704571161439,1.4
2,1704571163456,1.4
2,1704571165473,1.4
2,1704571167490,1.4
2,1704571169505,1.4
2,1704571171522,1.4
2,1704571173548,1.4
2,1704571175569,1.4
2,1704571177577,1.4
2,1704571179595,1.4
2,1704571181611,1.4
2,1704571183621,1.4
2,1704571185640,1.4
2,1704571187665,1.4
2,1704571189682,1.4
2,1704571191696,1.4
2,1704571193707,1.4
2,1704571195718,1.4
2,1704571197728,1.4
2,1704571199747,1.4
2,1704571201772,1.4
2,1704571203786,1.4
2,1704571205799,1.4
2,1704571207822,1.4
2,1704571209840,1.4
2,1704571211856,1.4
2,1704571213864,1.4
2,1704571215882,1.4
2,1704571217906,1.4
2,1704571219927,1.4
2,1704571221944,1.4
2,1704571223953,1.4
2,1704571225963,1.4
2,1704571227974,1.4
2,1704571229983,1.4
2,1704571231993,1.4
2,1704571234002,1.4
2,1704571236017,1.4
2,1704571238034,1.4
2,1704571240055,1.4
2,1704571242072,1.4
2,1704571244080,1.4
2,1704571246094,1.4
2,1704571248115,1.4
2,1704571250132,1.4
2,1704571252147,1.4
2,1704571254157,1.4
2,1704571256168,1.4
2,1704571258189,1.4
2,1704571260207,1.4
2,1704571262226,1.4
2,1704571264243,1.4
2,1704571266262,1.4
2,1704571268278,1.4
2,1704571270288,1.4
2,1704571272298,1.4
2,1704571274306,1.4
2,1704571276317,1.4
2,1704571278327,1.4
2,1704571280340,1.4
2,1704571282363,1.4
2,1704571284380,1.4
2,1704571286398,1.4
2,1704571288421,1.4
2,1704571290437,1.4
2,1704571292454,1.4
2,1704571294477,1.4
2,1704571296494,1.4
2,1704571298507,1.4
2,1704571300523,1.4
2,1704571302535,1.4
2,1704571304555,1.4
2,1704571306574,1.4
2,1704571308585,1.4
2,1704571310599,1.4
2,1704571312618,1.4
2,1704571314635,1.4
2,1704571316648,1.4
2,1704571318660,1.4
2,1704571320677,1.4
2,1704571322694,1.4
2,1704571324713,1.4
2,1704571326732,1.4
2,1704571328751,1.4
2,1704571330771,1.4
2,1704571332793,1.4
2,1704571334813,1.4
2,1704571336835,1.4
2,1704571338855,1.4
2,1704571340876,1.4
2,1704571342897,1.4
2,1704571344916,1.4
2,1704571346935,1.4
2,1704571348954,1.4
2,1704571350975,1.4
2,1704571352996,1.4
2,1704571355010,1.4
2,1704571357024,1.4
2,1704571359037,1.4
2,1704571361058,1.4
2,1704571363078,1.4
2,1704571365094,1.4
2,1704571367111,1.4
2,1704571369125,1.4
2,1704571371139,1.4
2,1704571373158,1.4
2,1704571375167,1.4
2,1704571377175,1.4
2,1704571379191,1.4
2,1704571381207,1.4
2,1704571383218,1.4
2,1704571385233,1.4
2,1704571387242,1.4
2,1704571389248,1.4
2,1704571391265,1.4
2,1704571393273,1.4
2,1704571395290,1.4
2,1704571397298,1.4
2,1704571399306,1.4
2,1704571401316,1.4
2,1704571403324,1.4
2,1704571405332,1.4
2,1704571407341,1.4
2,1704571409349,1.4
2,1704571411355,1.4
2,1704571413361,1.4
2,1704571415368,1.4
2,1704571417375,1.4
2,1704571419383,1.4
2,1704571421390,1.4
2,1704571423398,1.4
2,1704571425405,1.4
2,1704571427418,1.4
2,1704571429432,1.4
2,1704571431445,1.4
2,1704571433463,1.4
2,1704571435476,1.4
2,1704571437484,1.4
2,1704571439495,1.4
2,1704571441508,1.4
2,1704571443522,1.4
2,1704571445536,1.4
2,1704571447552,1.4
2,1704571449559,1.4
2,1704571451568,1.4
2,1704571453580,1.4
2,1704571455593,1.4
2,1704571457608,1.4
2,1704571459618,1.4
2,1704571461631,1.4
2,1704571463650,1.4
2,1704571465670,1.4
2,1704571467689,1.4
2,1704571469706,1.4
2,1704571471721,1.4
2,1704571473739,1.4
2,1704571475753,1.4
2,1704571477765,1.4
2,1704571479784,1.4
2,1704571481801,1.4
2,1704571483822,1.4
2,1704571485838,1.4
2,1704571487848,1.4
2,1704571489861,1.4
2,1704571491879,1.4
2,1704571493893,1.4
2,1704571495898,1.4
2,1704571497911,1.4
2,1704571499929,1.4
2,1704571501949,1.4
2,1704571503969,1.4
2,1704571505985,1.4
2,1704571508001,1.4
2,1704571510011,1.4
2,1704571512020,1.4
2,1704571514034,1.4
2,1704571516052,1.4
2,1704571518069,1.4
2,1704571520092,1.4
2,1704571522104,1.4
2,1704571524111,1.4
2,1704571526120,1.4
2,1704571528135,1.4
2,1704571530153,1.4
2,1704571532169,1.4
2,1704571534187,1.4
2,1704571536203,1.4
2,1704571538223,1.4
2,1704571540244,1.4
2,1704571542257,1.4
2,1704571544271,1.4
2,1704571546285,1.4
2,1704571548293,1.4
2,1704571550300,1.4
2,1704571552308,1.4
2,1704571554319,1.4
2,1704571556336,1.4
2,1704571558357,1.4
2,1704571560373,1.4
2,1704571562383,1.4
2,1704571564399,1.4
2,1704571566416,1.4
2,1704571568435,1.4
2,1704571570451,1.4
2,1704571572463,1.4
2,1704571574478,1.4
2,1704571576495,1.4
2,1704571578504,1.4
2,1704571580516,1.4
2,1704571582530,1.4
2,1704571584540,1.4
2,1704571586558,1.4
2,1704571588569,1.4
2,1704571590578,1.4
2,1704571592585,1.4
2,1704571594597,1.4
2,1704571596617,1.4
2,1704571598637,1.4
2,1704571600658,1.4
2,1704571602675,1.4
2,1704571604686,1.4
2,1704571606694,1.4
2,1704571608709,1.4
2,1704571610725,1.4
2,1704571612736,1.4
2,1704571614749,1.4
2,1704571616762,1.4
2,1704571618782,1.4
2,1704571620795,1.4
2,1704571622809,1.4
2,1704571624818,1.4
2,1704571626829,1.4
2,1704571628850,1.4
2,1704571630865,1.4
2,1704571632878,1.4
2,1704571634894,1.4
2,1704571636902,1.4
2,1704571638910,1.4
2,1704571640918,1.4
2,1704571642932,1.4
2,1704571644949,1.4
2,1704571646964,1.4
2,1704571648981,1.4
2,1704571650994,1.4
2,1704571653008,1.4
2,1704571655016,1.4
2,1704571657030,1.4
2,1704571659052,1.4
2,1704571661069,1.4
2,1704571663084,1.4
2,1704571665103,1.4
2,1704571667124,1.4
2,1704571669141,1.4
2,1704571671149,1.4
2,1704571673157,1.4
2,1704571675164,1.4
2,1704571677178,1.4
2,1704571679203,1.4
2,1704571681222,1.4
2,1704571683230,1.4
2,1704571685243,1.4
2,1704571687266,1.4
2,1704571689288,1.4
2,1704571691308,1.4
2,1704571693324,1.4
2,1704571695332,1.4
2,1704571697341,1.4
2,1704571699355,1.4
2,1704571701370,1.4
2,1704571703384,1.4
2,1704571705402,1.4
2,1704571707422,1.4
2,1704571709445,1.4
2,1704571711467,1.4
2,1704571713486,1.4
2,1704571715507,1.4
2,1704571717528,1.4
2,1704571719551,1.4
2,1704571721573,1.4
2,1704571723595,1.4
2,1704571725608,1.4
2,1704571727615,1.4
2,1704571729624,1.4
2,1704571731636,1.4
2,1704571733655,1.4
2,1704571735676,1.4
2,1704571737692,1.4
2,1704571739699,1.4
2,1704571741707,1.4
2,1704571743716,1.4
2,1704571745725,1.4
2,1704571747739,1.4
2,1704571749759,1.4
2,1704571751780,1.4
2,1704571753800,1.4
2,1704571755813,1.4
2,1704571757828,1.4
2,1704571759845,1.4
2,1704571761855,1.4
2,1704571763862,1.4
2,1704571765871,1.4
2,1704571767876,1.4
2,1704571769886,1.4
2,1704571771897,1.4
2,1704571773905,1.4
2,1704571775910,1.4
2,1704571777922,1.4
2,1704571779928,1.4
2,1704571781937,1.4
2,1704571783946,1.4
2,1704571785955,1.4
2,1704571787962,1.4
2,1704571789968,1.4
2,1704571791974,1.4
2,1704571793982,1.4
2,1704571795989,1.4
2,1704571797997,1.4
2,1704571800004,1.4
2,1704571802010,1.4
2,1704571804019,1.4
2,1704571806029,1.4
2,1704571808037,1.4
2,1704571810044,1.4
2,1704571812051,1.4
2,1704571814058,1.4
2,1704571816064,1.4
2,1704571818070,1.4
2,1704571820076,1.4
2,1704571822099,1.4
2,1704571824106,1.4
2,1704571826111,1.4
2,1704571828117,1.4
2,1704571830123,1.4
2,1704571832132,1.4
2,1704571834139,1.4
2,1704571836145,1.4
2,1704571838151,1.4
2,1704571840158,1.4
2,1704571842164,1.4
2,1704571844170,1.4
2,1704571846178,1.4
2,1704571848188,1.4
2,1704571850197,1.4
2,1704571852203,1.4
2,1704571854210,1.4
2,1704571856219,1.4
2,1704571858225,1.4
2,1704571860231,1.4
2,1704571862239,1.4
2,1704571864247,1.4
2,1704571866257,1.4
2,1704571868264,1.4
2,1704571870270,1.4
2,1704571872278,1.4
2,1704571874284,1.4
2,1704571876291,1.4
2,1704571878297,1.4
2,1704571880305,1.4
2,1704571882314,1.4
2,1704571884321,1.4
2,1704571886329,1.4
2,1704571888336,1.4
2,1704571890343,1.4
2,1704571892349,1.4
2,1704571894358,1.4
2,1704571896371,1.4
2,1704571898380,1.4
2,1704571900389,1.4
2,1704571902399,1.4
2,1704571904409,1.4
2,1704571906414,1.4
2,1704571908421,1.4
2,1704571910430,1.4
2,1704571912438,1.4
2,1704571914445,1.4
2,1704571916455,1.4
2,1704571918465,1.4
2,1704571920475,1.4
2,1704571922482,1.4
2,1704571924493,1.4
2,1704571926518,1.4
2,1704571928539,1.4
2,1704571930558,1.4
2,1704571932576,1.4
2,1704571934596,1.4
2,1704571936612,1.4
2,1704571938624,1.4
2,1704571940644,1.4
2,1704571942663,1.4
2,1704571944683,1.4
2,1704571946698,1.4
2,1704571948705,1.4
2,1704571950710,1.4
2,1704571952717,1.4
2,1704571954724,1.4
2,1704571956731,1.4
2,1704571958739,1.4
2,1704571960745,1.4
2,1704571962752,1.4
2,1704571964757,1.4
2,1704571966766,1.4
2,1704571968775,1.4
2,1704571970783,1.4
2,1704571972790,1.4
2,1704571974798,1.4
2,1704571976804,1.4
2,1704571978811,1.4
2,1704571980817,1.4
2,1704571982824,1.4
2,1704571984832,1.4
2,1704571986846,1.4
2,1704571988864,1.4
2,1704571990882,1.4
2,1704571992894,1.4
2,1704571994900,1.4
2,1704571996907,1.4
2,1704571998918,1.4
2,1704572000931,1.4
2,1704572002942,1.4
2,1704572004963,1.4
2,1704572006976,1.4
2,1704572008986,1.4
2,1704572010997,1.4
2,1704572013010,1.4
2,1704572015023,1.4
2,1704572017032,1.4
2,1704572019039,1.4
2,1704572021046,1.4
2,1704572023056,1.4
2,1704572025067,1.4
2,1704572027084,1.4
2,1704572029102,1.4
2,1704572031120,1.4
2,1704572033134,1.4
2,1704572035148,1.4
2,1704572037159,1.4
2,1704572039166,1.4
2,1704572041174,1.4
2,1704572043182,1.4
2,1704572045191,1.4
2,1704572047202,1.4
2,1704572049209,1.4
2,1704572051214,1.4
2,1704572053225,1.4
2,1704572055240,1.4
2,1704572057256,1.4
2,1704572059273,1.4
2,1704572061288,1.4
2,1704572063303,1.4
2,1704572065311,1.4
2,1704572067324,1.4
2,1704572069338,1.4
2,1704572071349,1.4
2,1704572073369,1.4
2,1704572075391,1.4
2,1704572077415,1.4
2,1704572079438,1.4
2,1704572081457,1.4
2,1704572083475,1.4
2,1704572085489,1.4
2,1704572087510,1.4
2,1704572089530,1.4
2,1704572091550,1.4
2,1704572093569,1.4
2,1704572095577,1.4
2,1704572097589,1.4
2,1704572099610,1.4
2,1704572101630,1.4
2,1704572103649,1.4
2,1704572105657,1.4
2,1704572107672,1.4
2,1704572109688,1.4
2,1704572111707,1.4
2,1704572113720,1.4
2,1704572115733,1.4
2,1704572117741,1.4
2,1704572119753,1.4
2,1704572121771,1.4
2,1704572123785,1.4
2,1704572125793,1.4
2,1704572127804,1.4
2,1704572129825,1.4
2,1704572131845,1.4
2,1704572133867,1.4
2,1704572135884,1.4
2,1704572137898,1.4
2,1704572139919,1.4
2,1704572141939,1.4
2,1704572143952,1.4
2,1704572145965,1.4
2,1704572147984,1.4
2,1704572150006,1.4
2,1704572152025,1.4
2,1704572154040,1.4
2,1704572156053,1.4
2,1704572158074,1.4
2,1704572160095,1.4
2,1704572162116,1.4
2,1704572164136,1.4
2,1704572166156,1.4
2,1704572168181,1.4
2,1704572170202,1.4
2,1704572172222,1.4
2,1704572174243,1.4
2,1704572176267,1.4
2,1704572178282,1.4
2,1704572180292,1.4
2,1704572182305,1.4
2,1704572184324,1.4
2,1704572186332,1.4
2,1704572188341,1.4
2,1704572190353,1.4
2,1704572192364,1.4
2,1704572194377,1.4
2,1704572196399,1.4
2,1704572198419,1.4
2,1704572200440,1.4
2,1704572202456,1.4
2,1704572204464,1.4
2,1704572206476,1.4
2,1704572208491,1.4
2,1704572210503,1.4
2,1704572212526,1.4
2,1704572214547,1.4
2,1704572216568,1.4
2,1704572218588,1.4
2,1704572220610,1.4
2,1704572222631,1.4
2,1704572224646,1.4
2,1704572226659,1.4
2,1704572228686,1.4
2,1704572230710,1.4
2,1704572232730,1.4
2,1704572234750,1.4
2,1704572236768,1.4
2,1704572238780,1.4
2,1704572240786,1.4
2,1704572242798,1.4
2,1704572244816,1.4
2,1704572246834,1.4
2,1704572248849,1.4
2,1704572250854,1.4
2,1704572252867,1.4
2,1704572254885,1.4
2,1704572256901,1.4
2,1704572258923,1.4
2,1704572260937,1.4
2,1704572262951,1.4
2,1704572264968,1.4
2,1704572266982,1.4
2,1704572269002,1.4
2,1704572271017,1.4
2,1704572273023,1.4
2,1704572275033,1.4
2,1704572277048,1.4
2,1704572279066,1.4
2,1704572281082,1.4
2,1704572283091,1.4
2,1704572285105,1.4
2,1704572287125,1.4
2,1704572289147,1.4
2,1704572291168,1.4
2,1704572293188,1.4
2,1704572295208,1.4
2,1704572297223,1.4
2,1704572299237,1.4
2,1704572301259,1.4
2,1704572303280,1.4
2,1704572305300,1.4
2,1704572307315,1.4
2,1704572309329,1.4
2,1704572311348,1.4
2,1704572313361,1.4
2,1704572315386,1.4
2,1704572317408,1.4
2,1704572319428,1.4
2,1704572321452,1.4
2,1704572323472,1.4
2,1704572325494,1.4
2,1704572327514,1.4
2,1704572329535,1.4
2,1704572331555,1.4
2,1704572333577,1.4
2,1704572335599,1.4
2,1704572337614,1.4
2,1704572339627,1.4
2,1704572341647,1.4
2,1704572343667,1.4
2,1704572345687,1.4
2,1704572347707,1.4
2,1704572349732,1.4
2,1704572351755,1.4
2,1704572353772,1.4
2,1704572355794,1.4
2,1704572357814,1.4
2,1704572359835,1.4
2,1704572361856,1.4
2,1704572363876,1.4
2,1704572365897,1.4
2,1704572367919,1.4
2,1704572369941,1.4
2,1704572371960,1.4
2,1704572373983,1.4
2,1704572375998,1.4
2,1704572378010,1.4
2,1704572380031,1.4
2,1704572382052,1.4
2,1704572384073,1.4
2,1704572386087,1.4
2,1704572388100,1.4
2,1704572390121,1.4
2,1704572392142,1.4
2,1704572394163,1.4
2,1704572396178,1.4
2,1704572398191,1.4
2,1704572400211,1.4
2,1704572402231,1.4
2,1704572404246,1.4
2,1704572406254,1.4
2,1704572408266,1.4
2,1704572410289,1.4
2,1704572412303,1.4
2,1704572414314,1.4
2,1704572416331,1.4
2,1704572418344,1.4
2,1704572420362,1.4
2,1704572422382,1.4
2,1704572424399,1.4
2,1704572426417,1.4
2,1704572428435,1.4
2,1704572430453,1.4
2,1704572432466,1.4
2,1704572434478,1.4
2,1704572436496,1.4
2,1704572438521,1.4
2,1704572440537,1.4
2,1704572442551,1.4
2,1704572444564,1.4
2,1704572446576,1.4
2,1704572448595,1.4
2,1704572450615,1.4
2,1704572452629,1.4
2,1704572454640,1.4
2,1704572456656,1.4
2,1704572458675,1.4
2,1704572460695,1.4
2,1704572462709,1.4
2,1704572464716,1.4
2,1704572466730,1.4
2,1704572468746,1.4
2,1704572470758,1.4
2,1704572472765,1.4
2,1704572474773,1.4
2,1704572476787,1.4
2,1704572478807,1.4
2,1704572480822,1.4
2,1704572482839,1.4
2,1704572484854,1.4
2,1704572486865,1.4
2,1704572488876,1.4
2,1704572490887,1.4
2,1704572492903,1.4
2,1704572494924,1.4
2,1704572496940,1.4
2,1704572498951,1.4
2,1704572500968,1.4
2,1704572502987,1.4
2,1704572505002,1.4
2,1704572507021,1.4
2,1704572509040,1.4
2,1704572511059,1.4
2,1704572513076,1.4
2,1704572515089,1.4
2,1704572517104,1.4
2,1704572519123,1.4
2,1704572521143,1.4
2,1704572523157,1.4
2,1704572525171,1.4
2,1704572527189,1.4
2,1704572529209,1.4
2,1704572531226,1.4
2,1704572533232,1.4
2,1704572535237,1.4
2,1704572537250,1.4
2,1704572539265,1.4
2,1704572541271,1.4
2,1704572543279,1.4
2,1704572545293,1.4
2,1704572547310,1.4
2,1704572549320,1.4
2,1704572551328,1.4
2,1704572553340,1.4
2,1704572555353,1.4
2,1704572557366,1.4
2,1704572559381,1.4
2,1704572561389,1.4
2,1704572563400,1.4
2,1704572565416,1.4
2,1704572567432,1.4
2,1704572569448,1.4
2,1704572571458,1.4
2,1704572573466,1.4
2,1704572575477,1.4
2,1704572577490,1.4
2,1704572579503,1.4
2,1704572581521,1.4
2,1704572583532,1.4
2,1704572585543,1.4
2,1704572587561,1.4
2,1704572589580,1.4
2,1704572591604,1.4
2,1704572593618,1.4
2,1704572595633,1.4
2,1704572597653,1.4
2,1704572599664,1.4
2,1704572601671,1.4
2,1704572603677,1.4
2,1704572605683,1.4
2,1704572607690,1.4
2,1704572609697,1.4
2,1704572611704,1.4
2,1704572613711,1.4
2,1704572615717,1.4
2,1704572617723,1.4
2,1704572619729,1.4
2,1704572621735,1.4
2,1704572623740,1.4
2,1704572625746,1.4
2,1704572627752,1.4
2,1704572629765,1.4
2,1704572631782,1.4
2,1704572633800,1.4
2,1704572635821,1.4
2,1704572637839,1.4
2,1704572639856,1.4
2,1704572641874,1.4
2,1704572643886,1.4
2,1704572645893,1.4
2,1704572647904,1.4
2,1704572649918,1.4
2,1704572651933,1.4
2,1704572653939,1.4
2,1704572655946,1.4
2,1704572657954,1.4
2,1704572659961,1.4
2,1704572661967,1.4
2,1704572663974,1.4
2,1704572665981,1.4
2,1704572667989,1.4
2,1704572669996,1.4
2,1704572672004,1.4
2,1704572674013,1.4
2,1704572676021,1.4
2,1704572678028,1.4
2,1704572680036,1.4
2,1704572682045,1.4
2,1704572684052,1.4
2,1704572686059,1.4
2,1704572688065,1.4
2,1704572690071,1.4
2,1704572692079,1.4
2,1704572694088,1.4
2,1704572696096,1.4
2,1704572698106,1.4
2,1704572700112,1.4
2,1704572702118,1.4
2,1704572704125,1.4
2,1704572706132,1.4
2,1704572708138,1.4
2,1704572710145,1.4
2,1704572712159,1.4
2,1704572714175,1.4
2,1704572716187,1.4
2,1704572718204,1.4
2,1704572720217,1.4
2,1704572722228,1.4
2,1704572724247,1.4
2,1704572726267,1.4
2,1704572728283,1.4
2,1704572730302,1.4
2,1704572732323,1.4
2,1704572734337,1.4
2,1704572736355,1.4
2,1704572738375,1.4
2,1704572740391,1.4
2,1704572742405,1.4
2,1704572744426,1.4
2,1704572746442,1.4
2,1704572748455,1.4
2,1704572750472,1.4
2,1704572752486,1.4
2,1704572754507,1.4
2,1704572756521,1.4
2,1704572758536,1.4
2,1704572760555,1.4
2,1704572762575,1.4
2,1704572764594,1.4
2,1704572766607,1.4
2,1704572768620,1.4
2,1704572770640,1.4
2,1704572772663,1.4
2,1704572774683,1.4
2,1704572776696,1.4
2,1704572778708,1.4
2,1704572780724,1.4
2,1704572782736,1.4
2,1704572784747,1.4
2,1704572786753,1.4
2,1704572788764,1.4
2,1704572790782,1.4
2,1704572792796,1.4
2,1704572794816,1.4
2,1704572796836,1.4
2,1704572798854,1.4
2,1704572800872,1.4
2,1704572802886,1.4
2,1704572804897,1.4
2,1704572806911,1.4
2,1704572808916,1.4
2,1704572810927,1.4
2,1704572812937,1.4
2,1704572814947,1.4
2,1704572816961,1.4
2,1704572818975,1.4
2,1704572820987,1.4
2,1704572822994,1.4
2,1704572825000,1.4
2,1704572827007,1.4
2,1704572829013,1.4
2,1704572831019,1.4
2,1704572833029,1.4
2,1704572835035,1.4
2,1704572837042,1.4
2,1704572839049,1.4
2,1704572841055,1.4
2,1704572843061,1.4
2,1704572845068,1.4
2,1704572847077,1.4
2,1704572849085,1.4
2,1704572851091,1.4
2,1704572853099,1.4
2,1704572855108,1.4
2,1704572857114,1.4
2,1704572859122,1.4
2,1704572861128,1.4
2,1704572863137,1.4
2,1704572865144,1.4
2,1704572867151,1.4
2,1704572869159,1.4
2,1704572871166,1.4
2,1704572873173,1.4
2,1704572875181,1.4
2,1704572877188,1.4
2,1704572879195,1.4
2,1704572881204,1.4
2,1704572883209,1.4
2,1704572885218,1.4
2,1704572887226,1.4
2,1704572889232,1.4
2,1704572891237,1.4
2,1704572893252,1.4
2,1704572895272,1.4
2,1704572897292,1.4
2,1704572899307,1.4
2,1704572901315,1.4
2,1704572903323,1.4
2,1704572905334,1.4
2,1704572907349,1.4
2,1704572909363,1.4
2,1704572911377,1.4
2,1704572913389,1.4
2,1704572915410,1.4
2,1704572917430,1.4
2,1704572919445,1.4
2,1704572921452,1.4
2,1704572923457,1.4
2,1704572925465,1.4
2,1704572927474,1.4
2,1704572929482,1.4
2,1704572931488,1.4
2,1704572933495,1.4
2,1704572935507,1.4
2,1704572937526,1.4
2,1704572939544,1.4
2,1704572941566,1.4
2,1704572943586,1.4
2,1704572945607,1.4
2,1704572947629,1.4
2,1704572949650,1.4
2,1704572951670,1.4
2,1704572953692,1.4
2,1704572955713,1.4
2,1704572957726,1.4
2,1704572959734,1.4
2,1704572961741,1.4
2,1704572963747,1.4
2,1704572965753,1.4
2,1704572967759,1.4
2,1704572969766,1.4
2,1704572971772,1.4
2,1704572973780,1.4
2,1704572975787,1.4
2,1704572977794,1.4
2,1704572979802,1.4
2,1704572981809,1.4
2,1704572983815,1.4
2,1704572985821,1.4
2,1704572987827,1.4
2,1704572989835,1.4
2,1704572991842,1.4
2,1704572993848,1.4
2,1704572995854,1.4
2,1704572997860,1.4
2,1704572999867,1.4
2,1704573001873,1.4
2,1704573003880,1.4
2,1704573005887,1.4
2,1704573007893,1.4
2,1704573009900,1.4
2,1704573011907,1.4
2,1704573013916,1.4
2,1704573015923,1.4
2,1704573017930,1.4
2,1704573019937,1.4
2,1704573021944,1.4
2,1704573023952,1.4
2,1704573025960,1.4
2,1704573027967,1.4
2,1704573029975,1.4
2,1704573031988,1.4
2,1704573033999,1.4
2,1704573036007,1.4
2,1704573038016,1.4
2,1704573040021,1.4
2,1704573042028,1.4
2,1704573044034,1.4
2,1704573046045,1.4
2,1704573048056,1.4
2,1704573050067,1.4
2,1704573052077,1.4
2,1704573054088,1.4
2,1704573056099,1.4
2,1704573058111,1.4
2,1704573060128,1.4
2,1704573062142,1.4
2,1704573064149,1.4
2,1704573066159,1.4
2,1704573068173,1.4
2,1704573070185,1.4
2,1704573072198,1.4
2,1704573074214,1.4
2,1704573076235,1.4
2,1704573078255,1.4
2,1704573080275,1.4
2,1704573082291,1.4
2,1704573084307,1.4
2,1704573086319,1.4
2,1704573088340,1.4
2,1704573090356,1.4
2,1704573092376,1.4
2,1704573094392,1.4
2,1704573096407,1.4
2,1704573098425,1.4
2,1704573100442,1.4
2,1704573102449,1.4
2,1704573104461,1.4
2,1704573106480,1.4
2,1704573108492,1.4
2,1704573110503,1.4
2,1704573112522,1.4
2,1704573114537,1.4
2,1704573116544,1.4
2,1704573118554,1.4
2,1704573120559,1.4
2,1704573122565,1.4
2,1704573124570,1.4
2,1704573126576,1.4
2,1704573128583,1.4
2,1704573130591,1.4
2,1704573132598,1.4
2,1704573134606,1.4
2,1704573136612,1.4
2,1704573138621,1.4
2,1704573140628,1.4
2,1704573142636,1.4
2,1704573144644,1.4
2,1704573146653,1.4
2,1704573148663,1.4
2,1704573150669,1.4
2,1704573152678,1.4
2,1704573154689,1.4
2,1704573156701,1.4
2,1704573158712,1.4
2,1704573160720,1.4
2,1704573162728,1.4
2,1704573164739,1.4
2,1704573166755,1.4
2,1704573168774,1.4
2,1704573170793,1.4
2,1704573172814,1.4
2,1704573174833,1.4
2,1704573176853,1.4
2,1704573178874,1.4
2,1704573180897,1.4
2,1704573182918,1.4
2,1704573184937,1.4
2,1704573186959,1.4
2,1704573188974,1.4
2,1704573190984,1.4
2,1704573192998,1.4
2,1704573195018,1.4
2,1704573197038,1.4
2,1704573199056,1.4
2,1704573201075,1.4
2,1704573203094,1.4
2,1704573205110,1.4
2,1704573207123,1.4
2,1704573209138,1.4
2,1704573211157,1.4
2,1704573213174,1.4
2,1704573215189,1.4
2,1704573217203,1.4
2,1704573219214,1.4
2,1704573221231,1.4
2,1704573223238,1.4
2,1704573225245,1.4
2,1704573227251,1.4
2,1704573229258,1.4
2,1704573231264,1.4
2,1704573233271,1.4
2,1704573235277,1.4
2,1704573237284,1.4
2,1704573239290,1.4
2,1704573241298,1.4
2,1704573243305,1.4
2,1704573245317,1.4
2,1704573247330,1.4
2,1704573249340,1.4
2,1704573251356,1.4
2,1704573253370,1.4
2,1704573255383,1.4
2,1704573257390,1.4
2,1704573259400,1.4
2,1704573261417,1.4
2,1704573263436,1.4
2,1704573265455,1.4
2,1704573267468,1.4
2,1704573269483,1.4
2,1704573271504,1.4
2,1704573273525,1.4
2,1704573275545,1.4
2,1704573277565,1.4
2,1704573279584,1.4
2,1704573281604,1.4
2,1704573283624,1.4
2,1704573285645,1.4
2,1704573287666,1.4
2,1704573289687,1.4
2,1704573291708,1.4
2,1704573293729,1.4
2,1704573295751,1.4
2,1704573297771,1.4
2,1704573299792,1.4
2,1704573301813,1.4
2,1704573303832,1.4
2,1704573305854,1.4
2,1704573307877,1.4
2,1704573309898,1.4
2,1704573311919,1.4
2,1704573313937,1.4
2,1704573315960,1.4
2,1704573317978,1.4
2,1704573319996,1.4
2,1704573322011,1.4
2,1704573324026,1.4
2,1704573326035,1.4
2,1704573328043,1.4
2,1704573330058,1.4
2,1704573332075,1.4
2,1704573334091,1.4
2,1704573336108,1.4
2,1704573338124,1.4
2,1704573340141,1.4
2,1704573342149,1.4
2,1704573344158,1.4
2,1704573346173,1.4
2,1704573348190,1.4
2,1704573350207,1.4
2,1704573352225,1.4
2,1704573354236,1.4
2,1704573356248,1.4
2,1704573358262,1.4
2,1704573360279,1.4
2,1704573362295,1.4
2,1704573364311,1.4
2,1704573366326,1.4
2,1704573368346,1.4
2,1704573370360,1.4
2,1704573372375,1.4
2,1704573374387,1.4
2,1704573376407,1.4
2,1704573378423,1.4
2,1704573380440,1.4
2,1704573382452,1.4
2,1704573384461,1.4
2,1704573386479,1.4
2,1704573388495,1.4
2,1704573390513,1.4
2,1704573392529,1.4
2,1704573394539,1.4
2,1704573396554,1.4
2,1704573398570,1.4
2,1704573400590,1.4
2,1704573402604,1.4
2,1704573404615,1.4
2,1704573406635,1.4
2,1704573408655,1.4
2,1704573410675,1.4
2,1704573412692,1.4
2,1704573414706,1.4
2,1704573416726,1.4
2,1704573418747,1.4
2,1704573420768,1.4
2,1704573422789,1.4
2,1704573424805,1.4
2,1704573426817,1.4
2,1704573428837,1.4
2,1704573430858,1.4
2,1704573432880,1.4
2,1704573434901,1.4
2,1704573436919,1.4
2,1704573438937,1.4
2,1704573440960,1.4
2,1704573442981,1.4
2,1704573445004,1.4
2,1704573447026,1.4
2,1704573449046,1.4
2,1704573451068,1.4
2,1704573453089,1.4
2,1704573455105,1.4
2,1704573457117,1.4
2,1704573459130,1.4
2,1704573461142,1.4
2,1704573463161,1.4
2,1704573465180,1.4
2,1704573467194,1.4
2,1704573469214,1.4
2,1704573471234,1.4
2,1704573473254,1.4
2,1704573475274,1.4
2,1704573477296,1.4
2,1704573479317,1.4
2,1704573481334,1.4
2,1704573483343,1.4
2,1704573485356,1.4
2,1704573487370,1.4
2,1704573489383,1.4
2,1704573491397,1.4
2,1704573493410,1.4
2,1704573495430,1.4
2,1704573497447,1.4
2,1704573499452,1.4
2,1704573501459,1.4
2,1704573503470,1.4
2,1704573505487,1.4
2,1704573507508,1.4
2,1704573509529,1.4
2,1704573511551,1.4
2,1704573513573,1.4
2,1704573515594,1.4
2,1704573517612,1.4
2,1704573519625,1.4
2,1704573521645,1.4
2,1704573523659,1.4
2,1704573525673,1.4
2,1704573527679,1.4
2,1704573529691,1.4
2,1704573531713,1.4
2,1704573533733,1.4
2,1704573535751,1.4
2,1704573537765,1.4
2,1704573539776,1.4
2,1704573541796,1.4
2,1704573543815,1.4
2,1704573545836,1.4
2,1704573547850,1.4
2,1704573549862,1.4
2,1704573551885,1.4
2,1704573553905,1.4
2,1704573555919,1.4
2,1704573557929,1.4
2,1704573559941,1.4
2,1704573561961,1.4
2,1704573563984,1.4
2,1704573566007,1.4
2,1704573568026,1.4
2,1704573570044,1.4
2,1704573572065,1.4
2,1704573574085,1.4
2,1704573576107,1.4
2,1704573578129,1.4
2,1704573580150,1.4
2,1704573582171,1.4
2,1704573584191,1.4
2,1704573586213,1.4
2,1704573588229,1.4
2,1704573590242,1.4
2,1704573592264,1.4
2,1704573594285,1.4
2,1704573596304,1.4
2,1704573598322,1.4
2,1704573600343,1.4
2,1704573602363,1.4
2,1704573604379,1.4
2,1704573606392,1.4
2,1704573608412,1.4
2,1704573610431,1.4
2,1704573612453,1.4
2,1704573614478,1.4
2,1704573616501,1.4
2,1704573618520,1.4
2,1704573620543,1.4
2,1704573622564,1.4
2,1704573624584,1.4
2,1704573626606,1.4
2,1704573628620,1.4
2,1704573630633,1.4
2,1704573632655,1.4
2,1704573634677,1.4
2,1704573636699,1.4
2,1704573638722,1.4
2,1704573640742,1.4
2,1704573642764,1.4
2,1704573644783,1.4
2,1704573646803,1.4
2,1704573648824,1.4
2,1704573650845,1.4
2,1704573652862,1.4
2,1704573654870,1.4
2,1704573656876,1.4
2,1704573658885,1.4
2,1704573660899,1.4
2,1704573662911,1.4
2,1704573664923,1.4
2,1704573666945,1.4
2,1704573668961,1.4
2,1704573670980,1.4
2,1704573672987,1.4
2,1704573674993,1.4
2,1704573676998,1.4
2,1704573679013,1.4
2,1704573681035,1.4
2,1704573683049,1.4
2,1704573685061,1.4
2,1704573687085,1.4
2,1704573689106,1.4
2,1704573691128,1.4
2,1704573693143,1.4
2,1704573695156,1.4
2,1704573697177,1.4
2,1704573699199,1.4
2,1704573701219,1.4
2,1704573703237,1.4
2,1704573705256,1.4
2,1704573707273,1.4
2,1704573709289,1.4
2,1704573711304,1.4
2,1704573713313,1.4
2,1704573715323,1.4
2,1704573717332,1.4
2,1704573719343,1.4
2,1704573721362,1.4
2,1704573723377,1.4
2,1704573725390,1.4
2,1704573727407,1.4
2,1704573729424,1.4
2,1704573731444,1.4
2,1704573733469,1.4
2,1704573735488,1.4
2,1704573737506,1.4
2,1704573739526,1.4
2,1704573741543,1.4
2,1704573743563,1.4
2,1704573745584,1.4
2,1704573747607,1.4
2,1704573749629,1.4
2,1704573751651,1.4
2,1704573753674,1.4
2,1704573755696,1.4
2,1704573757718,1.4
2,1704573759738,1.4
2,1704573761758,1.4
2,1704573763779,1.4
2,1704573765796,1.4
2,1704573767813,1.4
2,1704573769829,1.4
2,1704573771844,1.4
2,1704573773866,1.4
2,1704573775887,1.4
2,1704573777903,1.4
2,1704573779915,1.4
2,1704573781936,1.4
2,1704573783950,1.4
2,1704573785956,1.4
2,1704573787962,1.4
2,1704573789972,1.4
2,1704573791978,1.4
2,1704573793983,1.4
2,1704573795990,1.4
2,1704573797995,1.4
2,1704573800003,1.4
2,1704573802009,1.4
2,1704573804015,1.4
2,1704573806021,1.4
2,1704573808027,1.4
2,1704573810034,1.4
2,1704573812040,1.4
2,1704573814047,1.4
2,1704573816055,1.4
2,1704573818064,1.4
2,1704573820074,1.4
2,1704573822081,1.4
2,1704573824089,1.4
2,1704573826096,1.4
2,1704573828102,1.4
2,1704573830108,1.4
2,1704573832114,1.4
2,1704573834121,1.4
2,1704573836128,1.4
2,1704573838135,1.4
2,1704573840144,1.4
2,1704573842150,1.4
2,1704573844156,1.4
2,1704573846163,1.4
2,1704573848169,1.4
2,1704573850176,1.4
2,1704573852235,1.4
2,1704573854245,1.4
2,1704573856251,1.4
2,1704573858259,1.4
2,1704573860266,1.4
2,1704573862271,1.4
2,1704573864277,1.4
2,1704573866282,1.4
2,1704573868288,1.4
2,1704573870294,1.4
2,1704573872301,1.4
2,1704573874308,1.4
2,1704573876316,1.4
2,1704573878328,1.4
2,1704573880335,1.4
2,1704573882342,1.4
2,1704573884348,1.4
2,1704573886354,1.4
2,1704573888363,1.4
2,1704573890370,1.4
2,1704573892378,1.4
2,1704573894385,1.4
2,1704573896392,1.4
2,1704573898398,1.4
2,1704573900404,1.4
2,1704573902411,1.4
2,1704573904416,1.4
2,1704573906423,1.4
2,1704573908430,1.4
2,1704573910435,1.4
2,1704573912443,1.4
2,1704573914450,1.4
2,1704573916456,1.4
2,1704573918464,1.4
2,1704573920474,1.4
2,1704573922482,1.4
2,1704573924489,1.4
2,1704573926495,1.4
2,1704573928502,1.4
2,1704573930513,1.4
2,1704573932522,1.4
2,1704573934528,1.4
2,1704573936534,1.4
2,1704573938540,1.4
2,1704573940549,1.4
2,1704573942554,1.4
2,1704573944560,1.4
2,1704573946567,1.4
2,1704573948573,1.4
2,1704573950580,1.4
2,1704573952585,1.4
2,1704573954592,1.4
2,1704573956598,1.4
2,1704573958611,1.4
2,1704573960627,1.4
2,1704573962646,1.4
2,1704573964664,1.4
2,1704573966677,1.4
2,1704573968688,1.4
2,1704573970706,1.4
2,1704573972725,1.4
2,1704573974742,1.4
2,1704573976751,1.4
2,1704573978761,1.4
2,1704573980777,1.4
2,1704573982796,1.4
2,1704573984811,1.4
2,1704573986823,1.4
2,1704573988843,1.4
2,1704573990852,1.4
2,1704573992865,1.4
2,1704573994880,1.4
2,1704573996891,1.4
2,1704573998899,1.4
2,1704574000908,1.4
2,1704574002918,1.4
2,1704574004931,1.4
2,1704574006947,1.4
2,1704574008957,1.4
2,1704574010963,1.4
2,1704574012971,1.4
2,1704574014981,1.4
2,1704574016994,1.4
2,1704574019002,1.4
2,1704574021015,1.4
2,1704574023031,1.4
2,1704574025040,1.4
2,1704574027050,1.4
2,1704574029063,1.4
2,1704574031081,1.4
2,1704574033097,1.4
2,1704574035116,1.4
2,1704574037133,1.4
2,1704574039151,1.4
2,1704574041168,1.4
2,1704574043183,1.4
2,1704574045196,1.4
2,1704574047214,1.4
2,1704574049229,1.4
2,1704574051244,1.4
2,1704574053256,1.4
2,1704574055268,1.4
2,1704574057285,1.4
2,1704574059299,1.4
2,1704574061308,1.4
2,1704574063320,1.4
2,1704574065339,1.4
2,1704574067352,1.4
2,1704574069359,1.4
2,1704574071365,1.4
2,1704574073375,1.4
2,1704574075391,1.4
2,1704574077400,1.4
2,1704574079410,1.4
2,1704574081422,1.4
2,1704574083435,1.4
2,1704574085449,1.4
2,1704574087462,1.4
2,1704574089477,1.4
2,1704574091486,1.4
2,1704574093499,1.4
2,1704574095515,1.4
2,1704574097524,1.4
2,1704574099533,1.4
2,1704574101548,1.4
2,1704574103559,1.4
2,1704574105571,1.4
2,1704574107586,1.4
2,1704574109598,1.4
2,1704574111615,1.4
2,1704574113621,1.4
2,1704574115638,1.4
2,1704574117647,1.4
2,1704574119655,1.4
2,1704574121662,1.4
2,1704574123669,1.4
2,1704574125676,1.4
2,1704574127689,1.4
2,1704574129702,1.4
2,1704574131712,1.4
2,1704574133724,1.4
2,1704574135729,1.4
2,1704574137738,1.4
2,1704574139752,1.4
2,1704574141772,1.4
2,1704574143786,1.4
2,1704574145798,1.4
2,1704574147816,1.4
2,1704574149833,1.4
2,1704574151853,1.4
2,1704574153862,1.4
2,1704574155874,1.4
2,1704574157894,1.4
2,1704574159913,1.4
2,1704574161936,1.4
2,1704574163950,1.4
2,1704574165963,1.4
2,1704574167980,1.4
2,1704574169995,1.4
2,1704574172005,1.4
2,1704574174016,1.4
2,1704574176024,1.4
2,1704574178036,1.4
2,1704574180055,1.4
2,1704574182073,1.4
2,1704574184092,1.4
2,1704574186105,1.4
2,1704574188115,1.4
2,1704574190133,1.4
2,1704574192147,1.4
2,1704574194161,1.4
2,1704574196177,1.4
2,1704574198186,1.4
2,1704574200191,1.4
2,1704574202202,1.4
2,1704574204226,1.4
2,1704574206242,1.4
2,1704574208249,1.4
2,1704574210256,1.4
2,1704574212268,1.4
2,1704574214280,1.4
2,1704574216291,1.4
2,1704574218302,1.4
2,1704574220307,1.4
2,1704574222319,1.4
2,1704574224336,1.4
2,1704574226348,1.4
2,1704574228360,1.4
2,1704574230374,1.4
2,1704574232385,1.4
2,1704574234399,1.4
2,1704574236413,1.4
2,1704574238421,1.4
2,1704574240434,1.4
2,1704574242453,1.4
2,1704574244473,1.4
2,1704574246483,1.4
2,1704574248497,1.4
2,1704574250518,1.4
2,1704574252538,1.4
2,1704574254553,1.4
2,1704574256559,1.4
2,1704574258566,1.4
2,1704574260572,1.4
2,1704574262582,1.4
2,1704574264599,1.4
2,1704574266619,1.4
2,1704574268639,1.4
2,1704574270658,1.4
2,1704574272677,1.4
2,1704574274697,1.4
2,1704574276717,1.4
2,1704574278736,1.4
2,1704574280755,1.4
2,1704574282776,1.4
2,1704574284796,1.4
2,1704574286813,1.4
2,1704574288827,1.4
2,1704574290840,1.4
2,1704574292861,1.4
2,1704574294878,1.4
2,1704574296895,1.4
2,1704574298912,1.4
2,1704574300922,1.4
2,1704574302939,1.4
2,1704574304958,1.4
2,1704574306979,1.4
2,1704574308995,1.4
2,1704574311006,1.4
2,1704574313019,1.4
2,1704574315025,1.4
2,1704574317033,1.4
2,1704574319039,1.4
2,1704574321050,1.4
2,1704574323071,1.4
2,1704574325087,1.4
2,1704574327096,1.4
2,1704574329101,1.4
2,1704574331114,1.4
2,1704574333126,1.4
2,1704574335132,1.4
2,1704574337139,1.4
2,1704574339144,1.4
2,1704574341156,1.4
2,1704574343174,1.4
2,1704574345195,1.4
2,1704574347212,1.4
2,1704574349225,1.4
2,1704574351238,1.4
2,1704574353257,1.4
2,1704574355269,1.4
2,1704574357283,1.4
2,1704574359304,1.4
2,1704574361326,1.4
2,1704574363346,1.4
2,1704574365365,1.4
2,1704574367381,1.4
2,1704574369400,1.4
2,1704574371420,1.4
2,1704574373438,1.4
2,1704574375458,1.4
2,1704574377479,1.4
2,1704574379492,1.4
2,1704574381504,1.4
2,1704574383522,1.4
2,1704574385536,1.4
2,1704574387546,1.4
2,1704574389561,1.4
2,1704574391569,1.4
2,1704574393578,1.4
2,1704574395586,1.4
2,1704574397602,1.4
2,1704574399620,1.4
2,1704574401641,1.4
2,1704574403661,1.4
2,1704574405680,1.4
2,1704574407695,1.4
2,1704574409706,1.4
2,1704574411719,1.4
2,1704574413734,1.4
2,1704574415745,1.4
2,1704574417760,1.4
2,1704574419779,1.4
2,1704574421799,1.4
2,1704574423820,1.4
2,1704574425835,1.4
2,1704574427848,1.4
2,1704574429869,1.4
2,1704574431893,1.4
2,1704574433913,1.4
2,1704574435933,1.4
2,1704574437953,1.4
2,1704574439973,1.4
2,1704574441992,1.4
2,1704574444013,1.4
2,1704574446035,1.4
2,1704574448050,1.4
2,1704574450062,1.4
2,1704574452081,1.4
2,1704574454091,1.4
2,1704574456103,1.4
2,1704574458123,1.4
2,1704574460144,1.4
2,1704574462158,1.4
2,1704574464166,1.4
2,1704574466177,1.4
2,1704574468192,1.4
2,1704574470199,1.4
2,1704574472204,1.4
2,1704574474211,1.4
2,1704574476217,1.4
2,1704574478229,1.4
2,1704574480250,1.4
2,1704574482264,1.4
2,1704574484270,1.4
2,1704574486282,1.4
2,1704574488294,1.4
2,1704574490300,1.4
2,1704574492311,1.4
2,1704574494320,1.4
2,1704574496332,1.4
2,1704574498347,1.4
2,1704574500359,1.4
2,1704574502377,1.4
2,1704574504386,1.4
2,1704574506393,1.4
2,1704574508401,1.4
2,1704574510409,1.4
2,1704574512422,1.4
2,1704574514441,1.4
2,1704574516451,1.4
2,1704574518462,1.4
2,1704574520475,1.4
2,1704574522494,1.4
2,1704574524516,1.4
2,1704574526535,1.4
2,1704574528553,1.4
2,1704574530563,1.4
2,1704574532576,1.4
2,1704574534590,1.4
2,1704574536603,1.4
2,1704574538621,1.4
2,1704574540642,1.4
2,1704574542661,1.4
2,1704574544679,1.4
2,1704574546697,1.4
2,1704574548717,1.4
2,1704574550736,1.4
2,1704574552756,1.4
2,1704574554776,1.4
2,1704574556796,1.4
2,1704574558817,1.4
2,1704574560831,1.4
2,1704574562843,1.4
2,1704574564863,1.4
2,1704574566884,1.4
2,1704574568904,1.4
2,1704574570925,1.4
2,1704574572945,1.4
2,1704574574965,1.4
2,1704574576985,1.4
2,1704574579005,1.4
2,1704574581026,1.4
2,1704574583045,1.4
2,1704574585068,1.4
2,1704574587083,1.4
2,1704574589095,1.4
2,1704574591106,1.4
2,1704574593119,1.4
2,1704574595139,1.4
2,1704574597159,1.4
2,1704574599180,1.4
2,1704574601201,1.4
2,1704574603219,1.4
2,1704574605239,1.4
2,1704574607259,1.4
2,1704574609280,1.4
2,1704574611302,1.4
2,1704574613321,1.4
2,1704574615341,1.4
2,1704574617358,1.4
2,1704574619369,1.4
2,1704574621381,1.4
2,1704574623397,1.4
2,1704574625411,1.4
2,1704574627430,1.4
2,1704574629443,1.4
2,1704574631455,1.4
2,1704574633470,1.4
2,1704574635483,1.4
2,1704574637501,1.4
2,1704574639512,1.4
2,1704574641523,1.4
2,1704574643538,1.4
2,1704574645558,1.4
2,1704574647572,1.4
2,1704574649578,1.4
2,1704574651589,1.4
2,1704574653603,1.4
2,1704574655612,1.4
2,1704574657624,1.4
2,1704574659639,1.4
2,1704574661650,1.4
2,1704574663665,1.4
2,1704574665683,1.4
2,1704574667697,1.4
2,1704574669708,1.4
2,1704574671727,1.4
2,1704574673742,1.4
2,1704574675757,1.4
2,1704574677777,1.4
2,1704574679800,1.4
2,1704574681813,1.4
2,1704574683824,1.4
2,1704574685841,1.4
2,1704574687862,1.4
2,1704574689882,1.4
2,1704574691901,1.4
2,1704574693914,1.4
2,1704574695927,1.4
2,1704574697951,1.4
2,1704574699969,1.4
2,1704574701992,1.4
2,1704574704011,1.4
2,1704574706026,1.4
2,1704574708040,1.4
2,1704574710049,1.4
2,1704574712063,1.4
2,1704574714077,1.4
2,1704574716091,1.4
2,1704574718112,1.4
2,1704574720124,1.4
2,1704574722148,1.4
2,1704574724170,1.4
2,1704574726188,1.4
2,1704574728214,1.4
2,1704574730231,1.4
2,1704574732243,1.4
2,1704574734257,1.4
2,1704574736272,1.4
2,1704574738285,1.4
2,1704574740301,1.4
2,1704574742310,1.4
2,1704574744328,1.4
2,1704574746342,1.4
2,1704574748354,1.4
2,1704574750375,1.4
2,1704574752393,1.4
2,1704574754410,1.4
2,1704574756423,1.4
2,1704574758434,1.4
2,1704574760449,1.4
2,1704574762464,1.4
2,1704574764473,1.4
2,1704574766484,1.4
2,1704574768506,1.4
2,1704574770523,1.4
2,1704574772537,1.4
2,1704574774543,1.4
2,1704574776552,1.4
2,1704574778564,1.4
2,1704574780571,1.4
2,1704574782585,1.4
2,1704574784599,1.4
2,1704574786611,1.4
2,1704574788634,1.4
2,1704574790646,1.4
2,1704574792660,1.4
2,1704574794669,1.4
2,1704574796678,1.4
2,1704574798684,1.4
2,1704574800702,1.4
2,1704574802716,1.4
2,1704574804731,1.4
2,1704574806736,1.4
2,1704574808746,1.4
2,1704574810756,1.4
2,1704574812763,1.4
2,1704574814770,1.4
2,1704574816782,1.4
2,1704574818803,1.4
2,1704574820820,1.4
2,1704574822836,1.4
2,1704574824848,1.4
2,1704574826858,1.4
2,1704574828864,1.4
2,1704574830871,1.4
2,1704574832880,1.4
2,1704574834890,1.4
2,1704574836899,1.4
2,1704574838917,1.4
2,1704574840927,1.4
2,1704574842932,1.4
2,1704574844944,1.4
2,1704574846960,1.4
2,1704574848975,1.4
2,1704574850993,1.4
2,1704574853013,1.4
2,1704574855028,1.4
2,1704574857037,1.4
2,1704574859046,1.4
2,1704574861061,1.4
2,1704574863078,1.4
2,1704574865094,1.4
2,1704574867102,1.4
2,1704574869117,1.4
2,1704574871129,1.4
2,1704574873137,1.4
2,1704574875144,1.4
2,1704574877153,1.4
2,1704574879164,1.4
2,1704574881174,1.4
2,1704574883184,1.4
2,1704574885194,1.4
2,1704574887209,1.4
2,1704574889223,1.4
2,1704574891230,1.4
2,1704574893238,1.4
2,1704574895244,1.4
2,1704574897259,1.4
2,1704574899275,1.4
2,1704574901295,1.4
2,1704574903312,1.4
2,1704574905325,1.4
2,1704574907344,1.4
2,1704574909363,1.4
2,1704574911380,1.4
2,1704574913392,1.4
2,1704574915409,1.4
2,1704574917417,1.4
2,1704574919432,1.4
2,1704574921448,1.4
2,1704574923461,1.4
2,1704574925469,1.4
2,1704574927481,1.4
2,1704574929490,1.4
2,1704574931496,1.4
2,1704574933510,1.4
2,1704574935529,1.4
2,1704574937548,1.4
2,1704574939561,1.4
2,1704574941573,1.4
2,1704574943588,1.4
2,1704574945602,1.4
2,1704574947621,1.4
2,1704574949640,1.4
2,1704574951654,1.4
2,1704574953665,1.4
2,1704574955679,1.4
2,1704574957690,1.4
2,1704574959703,1.4
2,1704574961714,1.4
2,1704574963737,1.4
2,1704574965755,1.4
2,1704574967767,1.4
2,1704574969816,1.4
2,1704574971828,1.4
2,1704574973839,1.4
2,1704574975855,1.4
2,1704574977866,1.4
2,1704574979878,1.4
2,1704574981885,1.4
2,1704574983892,1.4
2,1704574985902,1.4
2,1704574987910,1.4
2,1704574989919,1.4
2,1704574991928,1.4
2,1704574993944,1.4
2,1704574995959,1.4
2,1704574997968,1.4
2,1704574999978,1.4
2,1704575001986,1.4
2,1704575004003,1.4
2,1704575006016,1.4
2,1704575008024,1.4
2,1704575010031,1.4
2,1704575012042,1.4
2,1704575014058,1.4
2,1704575016066,1.4
2,1704575018078,1.4
2,1704575020095,1.4
2,1704575022108,1.4
2,1704575024125,1.4
2,1704575026151,1.4
2,1704575028168,1.4
2,1704575030181,1.4
2,1704575032189,1.4
2,1704575034200,1.4
2,1704575036214,1.4
2,1704575038233,1.4
2,1704575040245,1.4
2,1704575042254,1.4
2,1704575044266,1.4
2,1704575046273,1.4
2,1704575048283,1.4
2,1704575050290,1.4
2,1704575052299,1.4
2,1704575054306,1.4
2,1704575056315,1.4
2,1704575058326,1.4
2,1704575060337,1.4
2,1704575062350,1.4
2,1704575064362,1.4
2,1704575066369,1.4
2,1704575068380,1.4
2,1704575070393,1.4
2,1704575072403,1.4
2,1704575074416,1.4
2,1704575076435,1.4
2,1704575078447,1.4
2,1704575080457,1.4
2,1704575082474,1.4
2,1704575084488,1.4
2,1704575086495,1.4
2,1704575088508,1.4
2,1704575090527,1.4
2,1704575092540,1.4
2,1704575094551,1.4
2,1704575096566,1.4
2,1704575098580,1.4
2,1704575100591,1.4
2,1704575102597,1.4
2,1704575104603,1.4
2,1704575106613,1.4
2,1704575108631,1.4
2,1704575110643,1.4
2,1704575112652,1.4
2,1704575114657,1.4
2,1704575116669,1.4
2,1704575118682,1.4
2,1704575120693,1.4
2,1704575122705,1.4
2,1704575124713,1.4
2,1704575126721,1.4
2,1704575128731,1.4
2,1704575130743,1.4
2,1704575132759,1.4
2,1704575134777,1.4
2,1704575136791,1.4
2,1704575138798,1.4
2,1704575140805,1.4
2,1704575142819,1.4
2,1704575144839,1.4
2,1704575146859,1.4
2,1704575148872,1.4
2,1704575150881,1.4
2,1704575152894,1.4
2,1704575154902,1.4
2,1704575156909,1.4
2,1704575158920,1.4
2,1704575160937,1.4
2,1704575162956,1.4
2,1704575164975,1.4
2,1704575166990,1.4
2,1704575169002,1.4
2,1704575171009,1.4
2,1704575173021,1.4
2,1704575175035,1.4
2,1704575177044,1.4
2,1704575179057,1.4
2,1704575181079,1.4
2,1704575183089,1.4
2,1704575185095,1.4
2,1704575187101,1.4
2,1704575189114,1.4
2,1704575191133,1.4
2,1704575193145,1.4
2,1704575195154,1.4
2,1704575197164,1.4
2,1704575199170,1.4
2,1704575201177,1.4
2,1704575203188,1.4
2,1704575205198,1.4
2,1704575207206,1.4
2,1704575209219,1.4
2,1704575211237,1.4
2,1704575213252,1.4
2,1704575215264,1.4
2,1704575217269,1.4
2,1704575219276,1.4
2,1704575221289,1.4
2,1704575223304,1.4
2,1704575225348,1.4
2,1704575227584,1.4
2,1704575229620,1.4
2,1704575231631,1.4
2,1704575233643,1.4
2,1704575235653,1.4
2,1704575237663,1.4
2,1704575239672,1.4
2,1704575241682,1.4
2,1704575243693,1.4
2,1704575245700,1.4
2,1704575247707,1.4
2,1704575249718,1.4
2,1704575251724,1.4
2,1704575253730,1.4
2,1704575255736,1.4
2,1704575257743,1.4
2,1704575259753,1.4
2,1704575261763,1.4
2,1704575263780,1.4
2,1704575265794,1.4
2,1704575267802,1.4
2,1704575269819,1.4
2,1704575271831,1.4
2,1704575273838,1.4
2,1704575275846,1.4
2,1704575277859,1.4
2,1704575279873,1.4
2,1704575281890,1.4
2,1704575283920,1.4
2,1704575285927,1.4
2,1704575287935,1.4
2,1704575289942,1.4
2,1704575291953,1.4
2,1704575293967,1.4
2,1704575295979,1.4
2,1704575297993,1.4
2,1704575300006,1.4
2,1704575302024,1.4
2,1704575304032,1.4
2,1704575306039,1.4
2,1704575308045,1.4
2,1704575310056,1.4
2,1704575312062,1.4
2,1704575314073,1.4
2,1704575316088,1.4
2,1704575318095,1.4
2,1704575320102,1.4
2,1704575322108,1.4
2,1704575324118,1.4
2,1704575326129,1.4
2,1704575328142,1.4
2,1704575330155,1.4
2,1704575332170,1.4
2,1704575334177,1.4
2,1704575336188,1.4
2,1704575338204,1.4
2,1704575340222,1.4
2,1704575342241,1.4
2,1704575344259,1.4
2,1704575346278,1.4
2,1704575348296,1.4
2,1704575350314,1.4
2,1704575352335,1.4
2,1704575354352,1.4
2,1704575356364,1.4
2,1704575358375,1.4
2,1704575360399,1.4
2,1704575362411,1.4
2,1704575364424,1.4
2,1704575366439,1.4
2,1704575368451,1.4
2,1704575370467,1.4
2,1704575372481,1.4
2,1704575374499,1.4
2,1704575376512,1.4
2,1704575378522,1.4
2,1704575380528,1.4
2,1704575382533,1.4
2,1704575384546,1.4
2,1704575386559,1.4
2,1704575388565,1.4
2,1704575390573,1.4
2,1704575392581,1.4
2,1704575394595,1.4
2,1704575396618,1.4
2,1704575398636,1.4
2,1704575400650,1.4
2,1704575402660,1.4
2,1704575404672,1.4
2,1704575406691,1.4
2,1704575408705,1.4
2,1704575410711,1.4
2,1704575412722,1.4
2,1704575414743,1.4
2,1704575416761,1.4
2,1704575418781,1.4
2,1704575420795,1.4
2,1704575422810,1.4
2,1704575424829,1.4
2,1704575426848,1.4
2,1704575428867,1.4
2,1704575430888,1.4
2,1704575432906,1.4
2,1704575434925,1.4
2,1704575436945,1.4
2,1704575438958,1.4
2,1704575440972,1.4
2,1704575442991,1.4
2,1704575445001,1.4
2,1704575447007,1.4
2,1704575449014,1.4
2,1704575451021,1.4
2,1704575453036,1.4
2,1704575455053,1.4
2,1704575457066,1.4
2,1704575459083,1.4
2,1704575461101,1.4
2,1704575463118,1.4
2,1704575465137,1.4
2,1704575467151,1.4
2,1704575469157,1.4
2,1704575471164,1.4
2,1704575473170,1.4
2,1704575475187,1.4
2,1704575477205,1.4
2,1704575479222,1.4
2,1704575481237,1.4
2,1704575483250,1.4
2,1704575485267,1.4
2,1704575487286,1.4
2,1704575489299,1.4
2,1704575491321,1.4
2,1704575493340,1.4
2,1704575495357,1.4
2,1704575497367,1.4
2,1704575499383,1.4
2,1704575501403,1.4
2,1704575503424,1.4
2,1704575505445,1.4
2,1704575507464,1.4
2,1704575509484,1.4
2,1704575511502,1.4
2,1704575513516,1.4
2,1704575515522,1.4
2,1704575517534,1.4
2,1704575519553,1.4
2,1704575521568,1.4
2,1704575523580,1.4
2,1704575525598,1.4
2,1704575527618,1.4
2,1704575529636,1.4
2,1704575531653,1.4
2,1704575533670,1.4
2,1704575535682,1.4
2,1704575537688,1.4
2,1704575539700,1.4
2,1704575541715,1.4
2,1704575543732,1.4
2,1704575545745,1.4
2,1704575547752,1.4
2,1704575549765,1.4
2,1704575551778,1.4
2,1704575553791,1.4
2,1704575555805,1.4
2,1704575557817,1.4
2,1704575559836,1.4
2,1704575561854,1.4
2,1704575563869,1.4
2,1704575565883,1.4
2,1704575567889,1.4
2,1704575569895,1.4
2,1704575571902,1.4
2,1704575573915,1.4
2,1704575575929,1.4
2,1704575577939,1.4
2,1704575579956,1.4
2,1704575581975,1.4
2,1704575583994,1.4
2,1704575586010,1.4
2,1704575588016,1.4
2,1704575590026,1.4
2,1704575592038,1.4
2,1704575594051,1.4
2,1704575596057,1.4
2,1704575598069,1.4
2,1704575600086,1.4
2,1704575602097,1.4
2,1704575604107,1.4
2,1704575606120,1.4
2,1704575608136,1.4
2,1704575610150,1.4
2,1704575612171,1.4
2,1704575614185,1.4
2,1704575616201,1.4
2,1704575618220,1.4
2,1704575620234,1.4
2,1704575622253,1.4
2,1704575624272,1.4
2,1704575626290,1.4
2,1704575628305,1.4
2,1704575630311,1.4
2,1704575632317,1.4
2,1704575634325,1.4
2,1704575636338,1.4
2,1704575638358,1.4
2,1704575640374,1.4
2,1704575642391,1.4
2,1704575644404,1.4
2,1704575646421,1.4
2,1704575648434,1.4
2,1704575650447,1.4
2,1704575652467,1.4
2,1704575654483,1.4
2,1704575656502,1.4
2,1704575658523,1.4
2,1704575660542,1.4
2,1704575662558,1.4
2,1704575664570,1.4
2,1704575666583,1.4
2,1704575668603,1.4
2,1704575670624,1.4
2,1704575672641,1.4
2,1704575674651,1.4
2,1704575676663,1.4
2,1704575678684,1.4
2,1704575680705,1.4
2,1704575682718,1.4
2,1704575684732,1.4
2,1704575686753,1.4
2,1704575688773,1.4
2,1704575690793,1.4
2,1704575692816,1.4
2,1704575694839,1.4
2,1704575696854,1.4
2,1704575698869,1.4
2,1704575700884,1.4
2,1704575702890,1.4
2,1704575704901,1.4
2,1704575706923,1.4
2,1704575708948,1.4
2,1704575710963,1.4
2,1704575712976,1.4
2,1704575715001,1.4
2,1704575717020,1.4
2,1704575719040,1.4
2,1704575721050,1.4
2,1704575723061,1.4
2,1704575725074,1.4
2,1704575727088,1.4
2,1704575729103,1.4
2,1704575731117,1.4
2,1704575733127,1.4
2,1704575735141,1.4
2,1704575737156,1.4
2,1704575739173,1.4
2,1704575741182,1.4
2,1704575743193,1.4
2,1704575745210,1.4
2,1704575747225,1.4
2,1704575749237,1.4
2,1704575751257,1.4
2,1704575753275,1.4
2,1704575755298,1.4
2,1704575757320,1.4
2,1704575759340,1.4
2,1704575761362,1.4
2,1704575763384,1.4
2,1704575765399,1.4
2,1704575767420,1.4
2,1704575769438,1.4
2,1704575771455,1.4
2,1704575773468,1.4
2,1704575775488,1.4
2,1704575777504,1.4
2,1704575779519,1.4
2,1704575781541,1.4
2,1704575783557,1.4
2,1704575785566,1.4
2,1704575787577,1.4
2,1704575789597,1.4
2,1704575791616,1.4
2,1704575793634,1.4
2,1704575795646,1.4
2,1704575797658,1.4
2,1704575799679,1.4
2,1704575801695,1.4
2,1704575803709,1.4
2,1704575805730,1.4
2,1704575807746,1.4
2,1704575809762,1.4
2,1704575811774,1.4
2,1704575813788,1.4
2,1704575815808,1.4
2,1704575817831,1.4
2,1704575819852,1.4
2,1704575821872,1.4
2,1704575823894,1.4
2,1704575825916,1.4
2,1704575827934,1.4
2,1704575829953,1.4
2,1704575831969,1.4
2,1704575833979,1.4
2,1704575835985,1.4
2,1704575837996,1.4
2,1704575840009,1.4
2,1704575842020,1.4
2,1704575844033,1.4
2,1704575846050,1.4
2,1704575848064,1.4
2,1704575850089,1.4
2,1704575852106,1.4
2,1704575854124,1.4
2,1704575856138,1.4
2,1704575858143,1.4
2,1704575860150,1.4
2,1704575862161,1.4
2,1704575864177,1.4
2,1704575866190,1.4
2,1704575868196,1.4
2,1704575870206,1.4
2,1704575872223,1.4
2,1704575874240,1.4
2,1704575876252,1.4
2,1704575878261,1.4
2,1704575880274,1.4
2,1704575882287,1.4
2,1704575884301,1.4
2,1704575886315,1.4
2,1704575888323,1.4
2,1704575890338,1.4
2,1704575892349,1.4
2,1704575894355,1.4
2,1704575896360,1.4
2,1704575898367,1.4
2,1704575900379,1.4
2,1704575902391,1.4
2,1704575904398,1.4
2,1704575906405,1.4
2,1704575908413,1.4
2,1704575910429,1.4
2,1704575912443,1.4
2,1704575914451,1.4
2,1704575916461,1.4
2,1704575918475,1.4
2,1704575920485,1.4
2,1704575922499,1.4
2,1704575924518,1.4
2,1704575926540,1.4
2,1704575928560,1.4
2,1704575930580,1.4
2,1704575932601,1.4
2,1704575934619,1.4
2,1704575936634,1.4
2,1704575938651,1.4
2,1704575940664,1.4
2,1704575942680,1.4
2,1704575944704,1.4
2,1704575946726,1.4
2,1704575948739,1.4
2,1704575950751,1.4
2,1704575952766,1.4
2,1704575954779,1.4
2,1704575956802,1.4
2,1704575958821,1.4
2,1704575960828,1.4
2,1704575962836,1.4
2,1704575964849,1.4
2,1704575966868,1.4
2,1704575968891,1.4
2,1704575970913,1.4
2,1704575972927,1.4
2,1704575974943,1.4
2,1704575976962,1.4
2,1704575978976,1.4
2,1704575980998,1.4
2,1704575983014,1.4
2,1704575985029,1.4
2,1704575987050,1.4
2,1704575989070,1.4
2,1704575991091,1.4
2,1704575993108,1.4
2,1704575995121,1.4
2,1704575997141,1.4
2,1704575999155,1.4
2,1704576001174,1.4
2,1704576003196,1.4
2,1704576005214,1.4
2,1704576007224,1.4
2,1704576009238,1.4
2,1704576011260,1.4
2,1704576013285,1.4
2,1704576015305,1.4
2,1704576017327,1.4
2,1704576019350,1.4
2,1704576021363,1.4
2,1704576023371,1.4
2,1704576025381,1.4
2,1704576027390,1.4
2,1704576029398,1.4
2,1704576031406,1.4
2,1704576033414,1.4
2,1704576035428,1.4
2,1704576037441,1.4
2,1704576039448,1.4
2,1704576041456,1.4
2,1704576043464,1.4
2,1704576045475,1.4
2,1704576047486,1.4
2,1704576049498,1.4
2,1704576051510,1.4
2,1704576053516,1.4
2,1704576055521,1.4
2,1704576057527,1.4
2,1704576059535,1.4
2,1704576061545,1.4
2,1704576063555,1.4
2,1704576065563,1.4
2,1704576067574,1.4
2,1704576069587,1.4
2,1704576071595,1.4
2,1704576073609,1.4
2,1704576075630,1.4
2,1704576077642,1.4
2,1704576079653,1.4
2,1704576081665,1.4
2,1704576083674,1.4
2,1704576085687,1.4
2,1704576087700,1.4
2,1704576089707,1.4
2,1704576091719,1.4
2,1704576093739,1.4
2,1704576095759,1.4
2,1704576097770,1.4
2,1704576099775,1.4
2,1704576101786,1.4
2,1704576103799,1.4
2,1704576105816,1.4
2,1704576107829,1.4
2,1704576109840,1.4
2,1704576111853,1.4
2,1704576113859,1.4
2,1704576115865,1.4
2,1704576117877,1.4
2,1704576119896,1.4
2,1704576121911,1.4
2,1704576123924,1.4
2,1704576125938,1.4
2,1704576127952,1.4
2,1704576129966,1.4
2,1704576131985,1.4
2,1704576134003,1.4
2,1704576136018,1.4
2,1704576138031,1.4
2,1704576140043,1.4
2,1704576142048,1.4
2,1704576144055,1.4
2,1704576146067,1.4
2,1704576148081,1.4
2,1704576150087,1.4
2,1704576152099,1.4
2,1704576154116,1.4
2,1704576156133,1.4
2,1704576158146,1.4
2,1704576160153,1.4
2,1704576162165,1.4
2,1704576164187,1.4
2,1704576166208,1.4
2,1704576168222,1.4
2,1704576170236,1.4
2,1704576172252,1.4
2,1704576174260,1.4
2,1704576176269,1.4
2,1704576178277,1.4
2,1704576180292,1.4
2,1704576182309,1.4
2,1704576184320,1.4
2,1704576186327,1.4
2,1704576188336,1.4
2,1704576190347,1.4
2,1704576192354,1.4
2,1704576194363,1.4
2,1704576196380,1.4
2,1704576198398,1.4
2,1704576200420,1.4
2,1704576202435,1.4
2,1704576204443,1.4
2,1704576206458,1.4
2,1704576208472,1.4
2,1704576210480,1.4
2,1704576212490,1.4
2,1704576214499,1.4
2,1704576216507,1.4
2,1704576218514,1.4
2,1704576220522,1.4
2,1704576222530,1.4
2,1704576224537,1.4
2,1704576226551,1.4
2,1704576228574,1.4
2,1704576230592,1.4
2,1704576232607,1.4
2,1704576234615,1.4
2,1704576236622,1.4
2,1704576238627,1.4
2,1704576240634,1.4
2,1704576242642,1.4
2,1704576244650,1.4
2,1704576246657,1.4
2,1704576248669,1.4
2,1704576250678,1.4
2,1704576252685,1.4
2,1704576254695,1.4
2,1704576256703,1.4
2,1704576258714,1.4
2,1704576260732,1.4
2,1704576262746,1.4
2,1704576264753,1.4
2,1704576266760,1.4
2,1704576268766,1.4
2,1704576270774,1.4
2,1704576272779,1.4
2,1704576274790,1.4
2,1704576276803,1.4
2,1704576278814,1.4
2,1704576280829,1.4
2,1704576282847,1.4
2,1704576284864,1.4
2,1704576286873,1.4
2,1704576288880,1.4
2,1704576290892,1.4
2,1704576292905,1.4
2,1704576294913,1.4
2,1704576296922,1.4
2,1704576298928,1.4
2,1704576300938,1.4
2,1704576302955,1.4
2,1704576304972,1.4
2,1704576306982,1.4
2,1704576308990,1.4
2,1704576311003,1.4
2,1704576313020,1.4
2,1704576315032,1.4
2,1704576317038,1.4
2,1704576319049,1.4
2,1704576321064,1.4
2,1704576323080,1.4
2,1704576325093,1.4
2,1704576327103,1.4
2,1704576329115,1.4
2,1704576331125,1.4
2,1704576333130,1.4
2,1704576335143,1.4
2,1704620393065,1.4
2,1704620395086,1.4
2,1704620397105,1.4
2,1704620399120,1.4
2,1704620401140,1.4
2,1704620403157,1.4
2,1704620405167,1.4
2,1704620407182,1.4
2,1704620409199,1.4
2,1704620411244,1.4
2,1704620413266,1.4
2,1704620415289,1.4
2,1704620417306,1.4
2,1704620419317,1.4
2,1704620421335,1.4
2,1704620423355,1.4
2,1704620425375,1.4
2,1704620427396,1.4
2,1704620429416,1.4
2,1704620431434,1.4
2,1704620433447,1.4
2,1704620435458,1.4
2,1704620437475,1.4
2,1704620439498,1.4
2,1704620441512,1.4
2,1704620443526,1.4
2,1704620445539,1.4
2,1704620447554,1.4
2,1704620449567,1.4
2,1704620451582,1.4
2,1704620453592,1.4
2,1704620455599,1.4
2,1704620457604,1.4
2,1704620459610,1.4
2,1704620461618,1.4
2,1704620463626,1.4
2,1704620465638,1.4
2,1704620467658,1.4
2,1704620469667,1.4
2,1704620471680,1.4
2,1704620483595,1.4
2,1704620485601,1.4
2,1704620487610,1.4
2,1704620489622,1.4
2,1704620491635,1.4
2,1704620493649,1.4
2,1704620495659,1.4
2,1704620497667,1.4
2,1704620499674,1.4
2,1704620501682,1.4
2,1704620503691,1.4
2,1704620505701,1.4
2,1704620507717,1.4
2,1704620509730,1.4
2,1704620511737,1.4
2,1704620513745,1.4
2,1704620515758,1.4
2,1704620517777,1.4
2,1704620519793,1.4
2,1704620521800,1.4
2,1704620523809,1.4
2,1704620525816,1.4
2,1704620527824,1.4
2,1704620529833,1.4
2,1704620531847,1.4
2,1704620533859,1.4
2,1704620535869,1.4
2,1704620537884,1.4
2,1704620539894,1.4
2,1704620541901,1.4
2,1704620543914,1.4
2,1704620545927,1.4
2,1704620547941,1.4
2,1704620549959,1.4
2,1704620551978,1.4
2,1704620553990,1.4
2,1704620555997,1.4
2,1704620558010,1.4
2,1704620560023,1.4
2,1704620562033,1.4
2,1704620564051,1.4
2,1704620566070,1.4
2,1704620568085,1.4
2,1704620570097,1.4
2,1704620572107,1.4
2,1704620574118,1.4
2,1704620576131,1.4
2,1704620578142,1.4
2,1704620580158,1.4
2,1704620582178,1.4
2,1704620584196,1.4
2,1704620586212,1.4
2,1704620588222,1.4
2,1704620590232,1.4
2,1704620592251,1.4
2,1704620594265,1.4
2,1704620596273,1.4
2,1704620598285,1.4
2,1704621034462,1.4
2,1704621036474,1.4
2,1704621038489,1.4
2,1704621040501,1.4
2,1704621042515,1.4
2,1704621044521,1.4
2,1704621046534,1.4
2,1704621048545,1.4
2,1704621050556,1.4
2,1704621052565,1.4
2,1704621054578,1.4
2,1704621056591,1.4
2,1704621058608,1.4
2,1704621060621,1.4
2,1704621062630,1.4
2,1704621064636,1.4
2,1704622744822,1.4
2,1704622746843,1.4
2,1704622748849,1.4
2,1704622750858,1.4
2,1704622832835,1.4
2,1704622834852,1.4
2,1704622836873,1.4
2,1704622838894,1.4
2,1704622840914,1.4
2,1704622842928,1.4
2,1704622844935,1.4
2,1704622846942,1.4
2,1704622848956,1.4
2,1704622850967,1.4
2,1704622852975,1.4
2,1704622854985,1.4
2,1704622856996,1.4
2,1704622859004,1.4
2,1704622871065,1.4
2,1704622873083,1.4
2,1704622875095,1.4
2,1704622877103,1.4
2,1704622879113,1.4
2,1704622881119,1.4
2,1704622883127,1.4
2,1704622885141,1.4
2,1704622887154,1.4
2,1704622889163,1.4
2,1704622891179,1.4
2,1704622893198,1.4
2,1704622895212,1.4
2,1704622897231,1.4
2,1704622899247,1.4
2,1704622901267,1.4
2,1704622903285,1.4
2,1704622905305,1.4
2,1704622907324,1.4
2,1704622909342,1.4
2,1704622911356,1.4
2,1704622913367,1.4
2,1704622915378,1.4
2,1704622917391,1.4
2,1704622919397,1.4
2,1704622921411,1.4
2,1704622923424,1.4
2,1704622925436,1.4
2,1704622927450,1.4
2,1704622929458,1.4
2,1704622931470,1.4
2,1704622933489,1.4
2,1704622935506,1.4
2,1704622937518,1.4
2,1704622948556,1.4
2,1704622950568,1.4
2,1704622952580,1.4
2,1704622954597,1.4
2,1704622956609,1.4
2,1704622958617,1.4
2,1704622960624,1.4
2,1704622962632,1.4
2,1704622964648,1.4
2,1704622966667,1.4
2,1704622968689,1.4
2,1704622970702,1.4
2,1704622972723,1.4
2,1704622974739,1.4
2,1704622976755,1.4
2,1704622978769,1.4
2,1704622980783,1.4
2,1704622982802,1.4
2,1704622984813,1.4
2,1704622986825,1.4
2,1704622988844,1.4
2,1704622990856,1.4
2,1704622992867,1.4
2,1704622994881,1.4
2,1704622996899,1.4
2,1704622998919,1.4
2,1704623000940,1.4
2,1704623002960,1.4
2,1704623004980,1.4
2,1704623007000,1.4
2,1704623009020,1.4
2,1704623011035,1.4
2,1704623013051,1.4
2,1704623015067,1.4
2,1704623017089,1.4
2,1704623019102,1.4
2,1704623021111,1.4
2,1704623023122,1.4
2,1704623025135,1.4
2,1704623027152,1.4
2,1704623029165,1.4
2,1704623031177,1.4
2,1704623033188,1.4
2,1704623035197,1.4
2,1704623037205,1.4
2,1704623039211,1.4
2,1704623041223,1.4
2,1704623043236,1.4
2,1704623045243,1.4
2,1704623047250,1.4
2,1704623049256,1.4
2,1704623051271,1.4
2,1704623053289,1.4
2,1704623055307,1.4
2,1704623057318,1.4
2,1704623059330,1.4
2,1704623061350,1.4
2,1704623063360,1.4
2,1704623065371,1.4
2,1704623067381,1.4
2,1704623069393,1.4
2,1704623071414,1.4
2,1704623073434,1.4
2,1704623075446,1.4
2,1704623077452,1.4
2,1704623079460,1.4
2,1704623081468,1.4
2,1704623083475,1.4
2,1704623085483,1.4
2,1704623096422,1.4
2,1704623098437,1.4
2,1704623100451,1.4
2,1704623102464,1.4
2,1704623104472,1.4
2,1704623106483,1.4
2,1704623108494,1.4
2,1704623110508,1.4
2,1704623112525,1.4
2,1704623114536,1.4
2,1704623116546,1.4
2,1704623118561,1.4
2,1704623120580,1.4
2,1704623122598,1.4
2,1704623124616,1.4
2,1704623126632,1.4
2,1704623128653,1.4
2,1704623130673,1.4
2,1704623132691,1.4
2,1704623134709,1.4
2,1704623136726,1.4
2,1704623138745,1.4
2,1704623140765,1.4
2,1704623142782,1.4
2,1704623144794,1.4
2,1704623146811,1.4
2,1704623148828,1.4
2,1704623150842,1.4
2,1704623152859,1.4
2,1704623154870,1.4
2,1704623156880,1.4
2,1704623158894,1.4
2,1704623160907,1.4
2,1704623162923,1.4
2,1704623164933,1.4
2,1704623166943,1.4
2,1704623168957,1.4
2,1704623170971,1.4
2,1704623172990,1.4
2,1704623175003,1.4
2,1704623177024,1.4
2,1704623179045,1.4
2,1704623181061,1.4
2,1704623183072,1.4
2,1704623185081,1.4
2,1704623187089,1.4
2,1704623189101,1.4
2,1704623191117,1.4
2,1704623193129,1.4
2,1704623195146,1.4
2,1704623197160,1.4
2,1704623199166,1.4
2,1704623201172,1.4
2,1704623203181,1.4
2,1704623205190,1.4
2,1704623207199,1.4
2,1704623209207,1.4
2,1704623211215,1.4
2,1704623213223,1.4
2,1704623215240,1.4
2,1704623217256,1.4
2,1704623219271,1.4
2,1704623221280,1.4
2,1704623223287,1.4
